Unnamed: 0,Symbol,PREV. CLOSE,IEP,Chng,%Chng,Final,Final Quantity,Value(₹ Crores),NM 52w H,NM 52w L,Unnamed: 11
,BHANDA-RE2,0.02,0.03,0.01,50.0,-,-,-,0.13,0.02,
,ADVENTHTL,170.46,204.55,34.09,20.0,-,-,-,345.05,167.77,
,ICDSLTD,45.37,54.44,9.07,19.99,-,-,-,68.49,36.4,
,TOUCHWOOD,70.9,85.0,14.1,19.89,-,-,-,136.59,67.52,
,SOFTTECH,259.4,310.95,51.55,19.87,-,-,-,421.0,250.0,
,C2C,389.1,465.0,75.9,19.51,-,-,-,888.0,250.15,
,SIGNPOST,228.95,272.95,44.0,19.22,-,-,-,310.0,180.37,
,AFSL,201.57,240.0,38.43,19.07,-,-,-,269.5,173.68,
,BIL,719.9,849.0,129.1,17.93,-,-,-,984.75,444.0,
,CENTENKA,413.1,472.0,58.9,14.26,-,-,-,564.55,397.6,
,RUSTOMJEE,395.35,448.9,53.55,13.54,-,-,-,697.0,377.75,
,LAL,6.99,7.9,0.91,13.02,-,-,-,13.92,6.45,
,GULFPETRO,31.47,35.4,3.93,12.49,-,-,-,51.95,30.0,
,SUNDROP,632.85,707.7,74.85,11.83,-,-,-,960.15,601.55,
,NGLFINE,2333.6,2570.0,236.4,10.13,-,-,-,2575.0,980.0,
,DCMFINSERV,6.74,7.41,0.67,9.94,-,-,-,9.21,3.7,
,DOLPHIN,398.65,438.0,39.35,9.87,-,-,-,501.95,245.05,
,UMESLTD,5.98,6.57,0.59,9.87,-,-,-,6.97,3.88,
,SHEKHAWATI,12.7,13.89,1.19,9.37,-,-,-,26.84,11.36,
,AYMSYNTEX,182.09,198.99,16.9,9.28,-,-,-,279.33,141.53,
,ROSSELLIND,45.76,50.0,4.24,9.27,-,-,-,87.1,40.0,
,ARROWGREEN,365.85,398.8,32.95,9.01,-,-,-,817.95,361.5,
,BASILIC,206.45,224.9,18.45,8.94,-,-,-,509.8,200.0,
,WILLAMAGOR,26.34,28.69,2.35,8.92,-,-,-,41.0,25.0,
,CHEMPLASTS,275.63,300.0,24.37,8.84,-,-,-,491.9,211.03,
,GSS,11.98,12.99,1.01,8.43,-,-,-,52.69,11.36,
,THEJO,1651.3,1790.0,138.7,8.4,-,-,-,2485.8,1446.0,
,REGAAL,87.69,95.0,7.31,8.34,-,-,-,145.7,57.27,
,MAHAPEXLTD,115.39,125.0,9.61,8.33,-,-,-,128.09,69.05,
,JAIPURKURT,30.27,32.79,2.52,8.33,-,-,-,54.59,26.0,
,HTMEDIA,21.34,23.0,1.66,7.78,-,-,-,28.64,15.1,
,HUHTAMAKI,167.26,180.0,12.74,7.62,-,-,-,272.65,164.0,
,OSWALPUMPS,306.65,330.0,23.35,7.61,-,-,-,888.4,286.55,
,BALAJEE,26.37,28.3,1.93,7.32,-,-,-,63.55,24.0,
,DHARAN,0.14,0.15,0.01,7.14,-,-,-,1.08,0.14,
,CNL,652.25,698.0,45.75,7.01,-,-,-,825.0,594.75,
,CROWN,118.79,126.9,8.11,6.83,-,-,-,221.8,108.45,
,INFOMEDIA,5.15,5.5,0.35,6.8,-,-,-,9.89,4.5,
,URAVIDEF,130.07,138.9,8.83,6.79,-,-,-,584.0,128.4,
,RAJTV,39.18,41.8,2.62,6.69,-,-,-,90.1,35.36,
,AARON,142.52,152.0,9.48,6.65,-,-,-,258.0,135.01,
,DRCSYSTEMS,13.34,14.19,0.85,6.37,-,-,-,31.0,13.0,
,SAMPANN,30.97,32.9,1.93,6.23,-,-,-,43.44,24.16,
,EXCEL,1.13,1.2,0.07,6.19,-,-,-,1.74,0.65,
,PLAZACABLE,35.61,37.79,2.18,6.12,-,-,-,65.34,33.99,
,HFCL,74.47,79.0,4.53,6.08,-,-,-,93.96,59.82,
,DCMSIL,68.83,73.0,4.17,6.06,-,-,-,77.84,49.5,
,SUKHJITS,173.96,184.4,10.44,6.0,-,-,-,235.0,143.61,
,SIGMA,42.47,45.0,2.53,5.96,-,-,-,65.5,21.01,
,RAJSREESUG,28.33,30.0,1.67,5.89,-,-,-,52.98,24.7,
,MONTECARLO,519.95,550.0,30.05,5.78,-,-,-,860.95,503.0,
,BANSALWIRE,245.3,259.0,13.7,5.58,-,-,-,434.3,228.2,
,HARRMALAYA,181.98,192.0,10.02,5.51,-,-,-,236.9,153.66,
,TTKPRESTIG,578.3,608.3,30.0,5.19,-,-,-,771.2,450.0,
,REDTAPE,113.99,119.8,5.81,5.1,-,-,-,167.97,107.53,
,KPEL,295.0,310.0,15.0,5.08,-,-,-,583.7,237.9,
,TIL,209.43,220.0,10.57,5.05,-,-,-,409.0,165.4,
,PRECOT,488.45,512.85,24.4,5.0,-,-,-,643.65,300.05,
,SANCO,2.4,2.52,0.12,5.0,-,-,-,4.22,1.66,
,GAUDIUMIVF,80.87,84.91,4.04,5.0,-,-,-,87.15,72.02,
,KNAGRI,179.66,188.64,8.98,5.0,-,-,-,273.5,148.3,
,SAMBHAAV,6.41,6.73,0.32,4.99,-,-,-,11.53,5.0,
,TAKE,41.71,43.79,2.08,4.99,-,-,-,49.94,6.51,
,TRUALT,402.6,422.7,20.1,4.99,-,-,-,549.0,310.2,
,UNIINFO,12.05,12.65,0.6,4.98,-,-,-,22.9,9.96,
,SANGINITA,14.28,14.99,0.71,4.97,-,-,-,15.87,8.46,
,SADHNANIQ,1.61,1.69,0.08,4.97,-,-,-,6.41,1.42,
,SWANDEF,2280.6,2393.7,113.1,4.96,-,-,-,2280.8,82.11,
,MORARJEE,6.66,6.99,0.33,4.95,-,-,-,9.99,4.56,
,VIJIFIN,2.63,2.76,0.13,4.94,-,-,-,4.6,1.99,
,IZMO,734.2,770.5,36.3,4.94,-,-,-,1374.7,259.0,
,VIVIMEDLAB,6.96,7.3,0.34,4.89,-,-,-,29.4,6.72,
,HMAAGRO,24.77,25.98,1.21,4.88,-,-,-,38.0,24.05,
,JPASSOCIAT,2.67,2.8,0.13,4.87,-,-,-,4.29,2.28,
,HARIOMPIPE,324.15,339.8,15.65,4.83,-,-,-,572.2,320.35,
,ONELIFECAP,15.22,15.95,0.73,4.8,-,-,-,17.7,8.82,
,SHAHALLOYS,61.95,64.9,2.95,4.76,-,-,-,83.85,43.6,
,AHLADA,41.03,42.98,1.95,4.75,-,-,-,81.0,40.05,
,SONAMLTD,58.48,61.25,2.77,4.74,-,-,-,62.35,37.0,
,INDOTECH,1375.4,1440.0,64.6,4.7,-,-,-,2787.4,1148.0,
,RHFL,2.58,2.7,0.12,4.65,-,-,-,7.78,1.94,
,SUNDRMBRAK,571.75,597.95,26.2,4.58,-,-,-,1048.95,541.4,
,LAOPALA,193.21,202.0,8.79,4.55,-,-,-,287.0,187.37,
,JNKINDIA,243.92,255.0,11.08,4.54,-,-,-,419.55,200.92,
,BLSE,142.55,148.96,6.41,4.5,-,-,-,232.5,124.3,
,ATGL,607.6,634.9,27.3,4.49,-,-,-,798.0,462.8,
,HINDOILEXP,147.44,154.0,6.56,4.45,-,-,-,198.99,129.36,
,RPTECH,349.5,365.0,15.5,4.43,-,-,-,408.7,260.8,
,FMNL,8.26,8.62,0.36,4.36,-,-,-,19.1,7.3,
,PILITA,7.81,8.15,0.34,4.35,-,-,-,20.64,7.37,
,HEADSUP,7.13,7.44,0.31,4.35,-,-,-,13.2,6.87,
,NIPPOBATRY,296.9,309.8,12.9,4.34,-,-,-,550.0,286.0,
,HAVISHA,1.39,1.45,0.06,4.32,-,-,-,3.05,1.25,
,KELLTONTEC,17.15,17.89,0.74,4.31,-,-,-,33.15,14.6,
,TARC,131.36,137.0,5.64,4.29,-,-,-,206.1,103.22,
,PURVA,187.09,195.0,7.91,4.23,-,-,-,338.95,172.65,
,AURIGROW,0.24,0.25,0.01,4.17,-,-,-,1.0,0.2,
,PANAMAPET,268.85,280.0,11.15,4.15,-,-,-,403.9,261.0,
,KALPATARU,299.5,311.9,12.4,4.14,-,-,-,457.4,286.0,
,SAMBHV,91.62,95.4,3.78,4.13,-,-,-,149.4,81.42,
,RCOM,0.97,1.01,0.04,4.12,-,-,-,1.95,0.75,
,ENERGYDEV,15.1,15.72,0.62,4.11,-,-,-,29.85,14.85,
,SHAILY,1911.4,1990.0,78.6,4.11,-,-,-,2799.9,1372.65,
,SIGMAADV,152.62,158.8,6.18,4.05,-,-,-,231.0,49.06,
,NAVKARURB,1.0,1.04,0.04,4.0,-,-,-,3.59,0.98,
,GODAVARIB,288.7,300.0,11.3,3.91,-,-,-,348.7,145.0,
,LCCINFOTEC,5.42,5.63,0.21,3.87,-,-,-,7.19,3.64,
,PREMIER,2.89,3.0,0.11,3.81,-,-,-,4.15,2.55,
,GJL,216.75,225.0,8.25,3.81,-,-,-,216.75,91.4,
,ANTGRAPHIC,0.79,0.82,0.03,3.8,-,-,-,1.62,0.77,
,SHIVATEX,147.44,153.0,5.56,3.77,-,-,-,237.9,144.0,
,SHK,129.16,134.0,4.84,3.75,-,-,-,275.5,127.29,
,ACMESOLAR,240.08,249.0,8.92,3.72,-,-,-,324.3,172.63,
,GRAVITA,1503.2,1559.0,55.8,3.71,-,-,-,2170.0,1379.65,
,SOLARWORLD,163.95,170.0,6.05,3.69,-,-,-,388.5,158.88,
,LOVABLE,68.38,70.88,2.5,3.66,-,-,-,110.0,66.0,
,DAMODARIND,23.93,24.8,0.87,3.64,-,-,-,41.49,22.6,
,NECLIFE,11.33,11.74,0.41,3.62,-,-,-,28.25,11.13,
,FLAIR,298.2,309.0,10.8,3.62,-,-,-,357.0,194.99,
,DOMS,2154.0,2232.0,78.0,3.62,-,-,-,3064.6,2023.9,
,ENTERO,1018.2,1055.0,36.8,3.61,-,-,-,1510.8,944.0,
,INDNIPPON,790.6,819.0,28.4,3.59,-,-,-,1099.9,545.3,
,VIMTALABS,439.45,454.7,15.25,3.47,-,-,-,902.65,400.3,
,TIGERLOGS,27.74,28.7,0.96,3.46,-,-,-,56.69,27.01,
,VSTL,113.88,117.8,3.92,3.44,-,-,-,204.99,100.8,
,AFIL,8.16,8.44,0.28,3.43,-,-,-,10.16,3.92,
,NIBL,30.65,31.68,1.03,3.36,-,-,-,40.8,19.5,
,VIVIDHA,0.6,0.62,0.02,3.33,-,-,-,1.05,0.48,
,ASMS,8.76,9.05,0.29,3.31,-,-,-,19.0,8.6,
,NKIND,63.54,65.6,2.06,3.24,-,-,-,87.78,53.0,
,PRAXIS,6.57,6.78,0.21,3.2,-,-,-,14.55,6.33,
,BAJAJHCARE,300.45,310.0,9.55,3.18,-,-,-,745.0,300.0,
,STOVEKRAFT,508.0,524.0,16.0,3.15,-,-,-,820.0,453.15,
,FLFL,1.27,1.31,0.04,3.15,-,-,-,2.24,1.12,
,INDOWIND,8.29,8.55,0.26,3.14,-,-,-,23.72,8.02,
,AUTOAXLES,1822.8,1880.0,57.2,3.14,-,-,-,2115.0,1520.0,
,ITI,258.95,267.0,8.05,3.11,-,-,-,372.85,234.04,
,SIGNATURE,814.7,840.0,25.3,3.11,-,-,-,1309.5,775.2,
,TBOTEK,1212.4,1250.0,37.6,3.1,-,-,-,1764.8,996.0,
,RITCO,204.94,211.3,6.36,3.1,-,-,-,317.95,183.27,
,OSWALAGRO,43.65,45.0,1.35,3.09,-,-,-,110.8,42.06,
,APEX,346.3,357.0,10.7,3.09,-,-,-,487.95,186.55,
,LAXMICOT,13.04,13.44,0.4,3.07,-,-,-,33.0,12.16,
,TIRUPATIFL,44.07,45.4,1.33,3.02,-,-,-,49.5,28.21,
,TREJHARA,160.09,164.9,4.81,3.0,-,-,-,284.85,155.6,
,AWHCL,485.45,500.0,14.55,3.0,-,-,-,693.0,408.05,
,ALANKIT,7.87,8.1,0.23,2.92,-,-,-,18.08,7.49,
,ICEMAKE,820.2,844.0,23.8,2.9,-,-,-,1088.75,666.3,
,DPSCLTD,8.66,8.91,0.25,2.89,-,-,-,15.48,8.0,
,XTGLOBAL,34.02,35.0,0.98,2.88,-,-,-,46.25,25.2,
,EXCELSOFT,78.45,80.7,2.25,2.87,-,-,-,142.59,68.0,
,BIOFILCHEM,30.63,31.5,0.87,2.84,-,-,-,57.19,28.5,
,TSFINV,377.55,388.2,10.65,2.82,-,-,-,701.5,256.55,
,TARACHAND,60.2,61.9,1.7,2.82,-,-,-,103.67,53.97,
,ANUP,1556.6,1600.0,43.4,2.79,-,-,-,3633.05,1422.3,
,MIDWESTLTD,1225.8,1260.0,34.2,2.79,-,-,-,1859.9,1048.5,
,SAPPHIRE,169.33,174.0,4.67,2.76,-,-,-,368.0,164.31,
,3IINFOLTD,13.14,13.5,0.36,2.74,-,-,-,25.9,12.68,
,NOIDATOLL,3.66,3.76,0.1,2.73,-,-,-,5.63,2.57,
,PATINTLOG,9.64,9.9,0.26,2.7,-,-,-,18.51,9.25,
,TOKYOPLAST,74.98,77.0,2.02,2.69,-,-,-,161.0,72.0,
,ARIHANTCAP,71.1,72.99,1.89,2.66,-,-,-,120.0,61.0,
,PIGL,101.32,104.0,2.68,2.65,-,-,-,195.45,95.22,
,GOLDTECH,37.71,38.7,0.99,2.63,-,-,-,80.44,36.26,
,ICRA,5416.5,5557.0,140.5,2.59,-,-,-,7130.0,5015.1,
,SIRCA,424.15,435.0,10.85,2.56,-,-,-,539.0,230.69,
,SETUINFRA,0.39,0.4,0.01,2.56,-,-,-,1.12,0.37,
,JASH,375.4,385.0,9.6,2.56,-,-,-,698.95,351.1,
,AKSHAR,0.39,0.4,0.01,2.56,-,-,-,0.76,0.36,
,JUBLCPL,1738.6,1783.0,44.4,2.55,-,-,-,3013.4,1020.0,
,RAJESHEXPO,113.94,116.85,2.91,2.55,-,-,-,237.88,107.6,
,GREENPOWER,9.85,10.1,0.25,2.54,-,-,-,15.81,8.69,
,EUREKAFORB,445.2,456.4,11.2,2.52,-,-,-,668.3,403.2,
,DIAMONDYD,956.0,980.0,24.0,2.51,-,-,-,1295.7,889.2,
,JKLAKSHMI,608.6,623.9,15.3,2.51,-,-,-,1021.2,596.7,
,INA,98.02,100.48,2.46,2.51,-,-,-,104.9,93.6,
,PAR,88.88,91.1,2.22,2.5,-,-,-,122.43,81.01,
,OILCOUNTUB,44.89,46.0,1.11,2.47,-,-,-,99.67,42.61,
,AVANTIFEED,1250.0,1280.9,30.9,2.47,-,-,-,1489.0,601.55,
,HAPPSTMNDS,409.05,419.05,10.0,2.44,-,-,-,700.0,330.2,
,TOLINS,103.47,105.99,2.52,2.44,-,-,-,202.0,97.61,
,MANINDS,411.0,421.0,10.0,2.43,-,-,-,491.0,239.05,
,VASCONEQ,34.66,35.5,0.84,2.42,-,-,-,74.59,32.0,
,AARTIPHARM,678.65,695.0,16.35,2.41,-,-,-,971.0,574.45,
,MWL,273.4,280.0,6.6,2.41,-,-,-,295.95,140.0,
,PAVNAIND,18.95,19.4,0.45,2.37,-,-,-,46.96,15.33,
,BHAGYANGR,157.7,161.4,3.7,2.35,-,-,-,193.0,65.0,
,FINCABLES,894.45,915.45,21.0,2.35,-,-,-,1028.0,700.8,
,APOLLOPIPE,415.3,425.0,9.7,2.34,-,-,-,494.95,252.1,
,JUNIPER,204.35,209.05,4.7,2.3,-,-,-,345.55,193.74,
,STEELCITY,82.02,83.88,1.86,2.27,-,-,-,116.9,78.5,
,STYRENIX,2073.8,2120.0,46.2,2.23,-,-,-,3498.0,1819.0,
,INDUSINVIT,122.09,124.8,2.71,2.22,-,-,-,128.98,99.1,
,EKC,108.31,110.7,2.39,2.21,-,-,-,156.79,100.11,
,TEXMOPIPES,45.49,46.49,1.0,2.2,-,-,-,68.99,40.01,
,ALIVUS,939.4,960.0,20.6,2.19,-,-,-,1225.1,819.0,
,GLOBALVECT,163.42,167.0,3.58,2.19,-,-,-,280.5,150.0,
,VISHWARAJ,5.56,5.68,0.12,2.16,-,-,-,11.08,4.95,
,VENTIVE,665.7,680.0,14.3,2.15,-,-,-,840.0,619.2,
,EMKAY,219.2,223.9,4.7,2.14,-,-,-,409.9,168.0,
,CHOICEIN,645.25,659.0,13.75,2.13,-,-,-,860.5,476.5,
,DCMSRIND,35.15,35.9,0.75,2.13,-,-,-,194.0,33.67,
,PARKHOSPS,198.71,202.95,4.24,2.13,-,-,-,208.72,138.1,
,CARERATING,1631.2,1665.5,34.3,2.1,-,-,-,1964.0,1052.0,
,SRD,51.62,52.7,1.08,2.09,-,-,-,91.0,39.15,
,HILINFRA,50.94,52.0,1.06,2.08,-,-,-,131.4,47.47,
,IFBAGRO,743.7,758.9,15.2,2.04,-,-,-,1790.0,440.0,
,JAGSNPHARM,189.61,193.45,3.84,2.03,-,-,-,301.65,155.0,
,BLACKBUCK,572.5,584.0,11.5,2.01,-,-,-,748.0,373.2,
,NDL,2.49,2.54,0.05,2.01,-,-,-,4.42,2.37,
,BHARATCOAL,35.81,36.53,0.72,2.01,-,-,-,45.09,31.16,
,NTPCGREEN,97.65,99.6,1.95,2.0,-,-,-,117.64,84.0,
,PVP,24.94,25.44,0.5,2.0,-,-,-,39.41,18.3,
,RPOWER,23.66,24.13,0.47,1.99,-,-,-,76.49,21.13,
,CRAFTSMAN,7354.0,7500.0,146.0,1.99,-,-,-,8220.0,3700.0,
,WAKEFIT,168.64,172.0,3.36,1.99,-,-,-,224.0,164.06,
,INDOFARM,125.51,128.0,2.49,1.98,-,-,-,271.69,122.0,
,PROSTARM,129.29,131.85,2.56,1.98,-,-,-,253.49,108.0,
,HILTON,16.78,17.11,0.33,1.97,-,-,-,70.97,16.5,
,GEEKAYWIRE,20.89,21.3,0.41,1.96,-,-,-,42.98,20.5,
,GUJGASLTD,388.4,396.0,7.6,1.96,-,-,-,508.7,369.6,
,21STCENMGM,33.64,34.3,0.66,1.96,-,-,-,80.7,33.12,
,MKPL,5.1,5.2,0.1,1.96,-,-,-,9.78,4.48,
,GENUSPAPER,11.77,12.0,0.23,1.95,-,-,-,22.01,11.02,
,ORIENTCER,38.05,38.79,0.74,1.94,-,-,-,56.64,28.67,
,ALKALI,60.33,61.5,1.17,1.94,-,-,-,117.79,57.75,
,QUICKHEAL,154.81,157.8,2.99,1.93,-,-,-,416.7,149.07,
,ARKADE,106.95,109.0,2.05,1.92,-,-,-,213.69,103.01,
,JPPOWER,14.17,14.44,0.27,1.91,-,-,-,27.7,12.52,
,VIPCLOTHNG,18.89,19.25,0.36,1.91,-,-,-,45.1,17.69,
,INDIAGLYCO,880.25,897.0,16.75,1.9,-,-,-,1222.0,525.6,
,NILASPACES,13.15,13.4,0.25,1.9,-,-,-,20.47,10.6,
,SUMEETINDS,29.44,30.0,0.56,1.9,-,-,-,40.5,10.66,
,PEARLPOLY,17.42,17.75,0.33,1.89,-,-,-,41.0,16.7,
,INDOAMIN,99.92,101.8,1.88,1.88,-,-,-,176.25,96.0,
,RTNPOWER,8.53,8.69,0.16,1.88,-,-,-,16.92,7.66,
,RUCHINFRA,5.37,5.47,0.1,1.86,-,-,-,10.89,5.06,
,BOROSCI,107.02,109.0,1.98,1.85,-,-,-,190.79,99.21,
,CUBEXTUB,92.31,94.0,1.69,1.83,-,-,-,143.69,67.11,
,CEREBRAINT,4.37,4.45,0.08,1.83,-,-,-,10.08,3.99,
,BIRLACORPN,820.1,835.0,14.9,1.82,-,-,-,1535.3,818.0,
,VLEGOV,13.21,13.45,0.24,1.82,-,-,-,65.04,11.36,
,WANBURY,257.35,262.0,4.65,1.81,-,-,-,329.7,161.5,
,STALLION,114.92,117.0,2.08,1.81,-,-,-,359.15,50.93,
,ASTRAMICRO,1034.4,1053.0,18.6,1.8,-,-,-,1195.9,615.1,
,POWERINDIA,24880.0,25325.0,445.0,1.79,-,-,-,26325.0,10400.0,
,IGARASHI,321.9,327.6,5.7,1.77,-,-,-,665.0,311.65,
,KRBL,319.35,325.0,5.65,1.77,-,-,-,495.0,259.15,
,ALLCARGO,7.9,8.04,0.14,1.77,-,-,-,38.34,7.39,
,DBEIL,71.64,72.9,1.26,1.76,-,-,-,185.6,69.0,
,KWIL,25.54,25.99,0.45,1.76,-,-,-,31.29,24.25,
,NOVAAGRI,27.94,28.43,0.49,1.75,-,-,-,62.84,26.72,
,BAJAJELEC,383.3,390.0,6.7,1.75,-,-,-,711.0,341.55,
,NLCINDIA,265.25,269.9,4.65,1.75,-,-,-,292.2,212.85,
,NUVOCO,294.3,299.45,5.15,1.75,-,-,-,477.5,280.3,
,JSLL,598.25,608.7,10.45,1.75,-,-,-,849.5,313.0,
,AXISCADES,1385.2,1409.5,24.3,1.75,-,-,-,1779.2,720.0,
,KARMAENG,40.3,41.0,0.7,1.74,-,-,-,86.93,35.7,
,KINGFA,4092.0,4162.0,70.0,1.71,-,-,-,4880.0,2550.0,
,RAMRAT,316.1,321.5,5.4,1.71,-,-,-,392.98,241.03,
,BIOCON,392.2,398.9,6.7,1.71,-,-,-,424.95,299.0,
,SURANAT&P,17.15,17.44,0.29,1.69,-,-,-,29.27,16.3,
,SHYAMCENT,4.77,4.85,0.08,1.68,-,-,-,10.42,4.61,
,GFLLIMITED,46.15,46.92,0.77,1.67,-,-,-,81.0,41.25,
,BOSCH-HCIL,1326.8,1349.0,22.2,1.67,-,-,-,1893.0,1270.0,
,SHAH,4.82,4.9,0.08,1.66,-,-,-,5.55,2.8,
,APOLLOHOSP,7574.5,7698.0,123.5,1.63,-,-,-,8099.5,6002.0,
,AFFORDABLE,164.34,167.0,2.66,1.62,-,-,-,534.4,157.53,
,AEGISLOG,637.25,647.6,10.35,1.62,-,-,-,946.5,598.3,
,ATULAUTO,424.8,431.6,6.8,1.6,-,-,-,554.0,381.15,
,GODIGIT,344.5,350.0,5.5,1.6,-,-,-,381.4,264.6,
,KSOLVES,282.4,286.9,4.5,1.59,-,-,-,497.0,250.05,
,CGPOWER,737.3,749.0,11.7,1.59,-,-,-,797.55,517.7,
,FINOPB,177.69,180.5,2.81,1.58,-,-,-,339.0,165.01,
,THOMASCOTT,257.9,261.95,4.05,1.57,-,-,-,459.8,236.9,
,ANTHEM,640.95,651.0,10.05,1.57,-,-,-,873.5,579.15,
,JHS,8.97,9.11,0.14,1.56,-,-,-,16.46,8.15,
,VARDHACRLC,33.87,34.4,0.53,1.56,-,-,-,54.25,32.8,
,HIMATSEIDE,87.14,88.5,1.36,1.56,-,-,-,168.66,85.5,
,CMSINFO,299.35,304.0,4.65,1.55,-,-,-,541.15,288.15,
,V2RETAIL,1989.1,2019.7,30.6,1.54,-,-,-,2564.1,1576.3,
,HGS,374.25,380.0,5.75,1.54,-,-,-,628.7,342.05,
,ODIGMA,22.89,23.24,0.35,1.53,-,-,-,56.09,22.22,
,HERITGFOOD,322.1,327.0,4.9,1.52,-,-,-,540.0,294.4,
,PATELRMART,172.33,174.9,2.57,1.49,-,-,-,305.0,155.0,
,LEMONTREE,105.44,107.0,1.56,1.48,-,-,-,180.68,101.05,
,ADANIPOWER,149.11,151.3,2.19,1.47,-,-,-,182.7,92.4,
,NAHARSPING,194.95,197.8,2.85,1.46,-,-,-,309.0,149.2,
,MARUTI,13011.0,13200.0,189.0,1.45,-,-,-,17370.0,11059.45,
,ADANIENSOL,1004.4,1019.0,14.6,1.45,-,-,-,1067.7,744.05,
,BIKAJI,619.0,628.0,9.0,1.45,-,-,-,818.7,594.5,
,GOYALALUM,6.21,6.3,0.09,1.45,-,-,-,11.37,6.11,
,EIDPARRY,810.35,822.0,11.65,1.44,-,-,-,1246.8,679.0,
,IVC,6.99,7.09,0.1,1.43,-,-,-,10.53,6.95,
,CANHLIFE,145.87,147.95,2.08,1.43,-,-,-,159.0,106.0,
,RADHIKAJWE,60.44,61.3,0.86,1.42,-,-,-,111.5,57.66,
,ORBTEXP,162.02,164.3,2.28,1.41,-,-,-,265.0,140.1,
,AVADHSUGAR,426.05,432.0,5.95,1.4,-,-,-,584.25,306.05,
,DANGEE,2.86,2.9,0.04,1.4,-,-,-,6.34,2.53,
,ALPHAGEO,196.78,199.5,2.72,1.38,-,-,-,298.0,190.87,
,ABDL,463.6,470.0,6.4,1.38,-,-,-,696.8,279.0,
,MAHSCOOTER,12816.0,12990.0,174.0,1.36,-,-,-,18538.0,9230.0,
,SHREYANIND,148.89,150.9,2.01,1.35,-,-,-,250.0,143.01,
,BLUESTONE,518.0,525.0,7.0,1.35,-,-,-,793.0,399.8,
,UBL,1645.5,1667.5,22.0,1.34,-,-,-,2294.9,1401.1,
,VENUSREM,927.5,939.8,12.3,1.33,-,-,-,940.0,277.95,
,VAKRANGEE,6.02,6.1,0.08,1.33,-,-,-,12.85,5.75,
,ORCHPHARMA,540.85,548.0,7.15,1.32,-,-,-,899.0,489.0,
,NHPC,74.78,75.77,0.99,1.32,-,-,-,92.34,71.62,
,TCI,991.4,1004.5,13.1,1.32,-,-,-,1289.0,931.3,
,AIRAN,16.03,16.24,0.21,1.31,-,-,-,32.65,12.66,
,IRISDOREME,30.49,30.89,0.4,1.31,-,-,-,39.49,20.73,
,SEDEMAC,1441.3,1460.0,18.7,1.3,-,-,-,1613.5,1413.1,
,KRITINUT,64.13,64.95,0.82,1.28,-,-,-,125.01,59.01,
,SPCENET,3.9,3.95,0.05,1.28,-,-,-,11.24,3.86,
,PATELENG,25.13,25.45,0.32,1.27,-,-,-,46.73,24.23,
,KOKUYOCMLN,78.11,79.1,0.99,1.27,-,-,-,137.9,75.5,
,JSWENERGY,518.3,524.9,6.6,1.27,-,-,-,579.0,427.75,
,PTC,160.87,162.9,2.03,1.26,-,-,-,207.0,143.01,
,PARSVNATH,7.21,7.3,0.09,1.25,-,-,-,27.39,6.02,
,SAKUMA,1.6,1.62,0.02,1.25,-,-,-,3.81,1.6,
,SHARDACROP,1033.2,1046.0,12.8,1.24,-,-,-,1297.0,452.25,
,FCL,22.5,22.78,0.28,1.24,-,-,-,35.79,20.7,
,ITDC,464.25,470.0,5.75,1.24,-,-,-,712.8,450.0,
,AARTIIND,446.2,451.7,5.5,1.23,-,-,-,495.0,338.05,
,VINDHYATEL,1185.4,1200.0,14.6,1.23,-,-,-,1889.0,975.5,
,KOTYARK,360.65,365.0,4.35,1.21,-,-,-,492.95,191.2,
,NDLVENTURE,114.63,116.0,1.37,1.2,-,-,-,134.0,48.94,
,QUADFUTURE,320.2,324.0,3.8,1.19,-,-,-,604.75,248.55,
,DISHTV,2.55,2.58,0.03,1.18,-,-,-,6.65,2.51,
,SHADOWFAX,111.97,113.29,1.32,1.18,-,-,-,127.75,98.55,
,ACE,865.85,876.0,10.15,1.17,-,-,-,1389.0,775.45,
,RAMKY,458.55,463.9,5.35,1.17,-,-,-,705.0,403.35,
,GOKUL,41.22,41.7,0.48,1.16,-,-,-,53.55,31.0,
,EPACK,266.9,270.0,3.1,1.16,-,-,-,421.35,216.5,
,SEJALLTD,538.75,545.0,6.25,1.16,-,-,-,1036.7,324.0,
,RAMCOIND,276.35,279.5,3.15,1.14,-,-,-,398.05,215.0,
,CEWATER,246.5,249.3,2.8,1.14,-,-,-,659.9,240.3,
,JSFB,351.85,355.85,4.0,1.14,-,-,-,552.5,333.6,
,AJANTPHARM,3119.5,3155.0,35.5,1.14,-,-,-,3150.0,2327.3,
,VMART,526.85,532.8,5.95,1.13,-,-,-,945.0,497.3,
,FIRSTCRY,223.17,225.7,2.53,1.13,-,-,-,438.7,207.05,
,INDORAMA,35.25,35.65,0.4,1.13,-,-,-,75.0,31.0,
,NEULANDLAB,12574.0,12715.0,141.0,1.12,-,-,-,19747.0,10400.15,
,SANOFI,3595.0,3635.0,40.0,1.11,-,-,-,6717.0,3590.0,
,MMTC,55.63,56.25,0.62,1.11,-,-,-,88.19,44.5,
,DSFCL,25.12,25.4,0.28,1.11,-,-,-,52.5,24.7,
,HPL,322.1,325.65,3.55,1.1,-,-,-,639.9,299.95,
,RAIN,118.69,120.0,1.31,1.1,-,-,-,176.0,99.9,
,EPL,192.89,195.0,2.11,1.09,-,-,-,254.0,175.28,
,CREDITACC,1177.2,1189.9,12.7,1.08,-,-,-,1496.7,914.0,
,GAIL,152.35,154.0,1.65,1.08,-,-,-,202.79,144.67,
,CANFINHOME,872.55,882.0,9.45,1.08,-,-,-,971.5,595.5,
,SBCL,423.55,428.1,4.55,1.07,-,-,-,605.0,342.0,
,GREENLAM,223.4,225.8,2.4,1.07,-,-,-,297.7,197.42,
,IRFC,99.92,99.92,1.05,1.06,-,-,-,148.95,95.27,
,INDIGRID,164.65,166.39,1.74,1.06,-,-,-,174.0,139.8,
,JSL,746.65,754.5,7.85,1.05,-,-,-,884.0,496.6,
,COALINDIA,470.1,475.0,4.9,1.04,-,-,-,474.0,356.0,
,UNIONBANK,182.1,184.0,1.9,1.04,-,-,-,205.49,112.17,
,ZENITHEXPO,193.2,195.2,2.0,1.04,-,-,-,351.65,175.46,
,STLTECH,200.84,202.9,2.06,1.03,-,-,-,205.73,58.86,
,KAPSTON,277.15,280.0,2.85,1.03,-,-,-,303.0,126.67,
,STARCEMENT,202.97,205.0,2.03,1.0,-,-,-,308.95,196.53,
,RANASUG,12.06,12.18,0.12,1.0,-,-,-,17.9,10.21,
,VASWANI,55.33,55.88,0.55,0.99,-,-,-,69.99,33.4,
,FEDFINA,128.23,129.5,1.27,0.99,-,-,-,178.48,80.0,
,NORTHARC,233.25,235.5,2.25,0.96,-,-,-,290.0,141.47,
,HARDWYN,17.79,17.96,0.17,0.96,-,-,-,20.44,10.75,
,SULA,161.72,163.25,1.53,0.95,-,-,-,335.9,159.76,
,KPIL,1147.1,1158.0,10.9,0.95,-,-,-,1335.6,786.3,
,NELCO,594.35,600.0,5.65,0.95,-,-,-,1161.0,569.3,
,SOLEX,983.65,993.0,9.35,0.95,-,-,-,1985.0,630.9,
,AWFIS,286.15,288.8,2.65,0.93,-,-,-,718.95,250.7,
,POLYMED,1312.3,1324.5,12.2,0.93,-,-,-,2937.6,1225.1,
,ACCELYA,1200.3,1211.5,11.2,0.93,-,-,-,1527.0,1140.0,
,AGSTRA,3.23,3.26,0.03,0.93,-,-,-,13.21,3.08,
,NRL,51.03,51.5,0.47,0.92,-,-,-,94.0,48.8,
,ZUARI,209.81,211.75,1.94,0.92,-,-,-,393.55,173.35,
,SHRINGARMS,200.06,201.9,1.84,0.92,-,-,-,266.5,177.51,
,PCJEWELLER,8.8,8.88,0.08,0.91,-,-,-,19.65,8.64,
,GESHIP,1486.5,1500.0,13.5,0.91,-,-,-,1492.6,802.25,
,SJVN,72.35,73.0,0.65,0.9,-,-,-,107.5,67.85,
,CHOLAHLDNG,1486.6,1500.0,13.4,0.9,-,-,-,2231.6,1357.35,
,MANAKALUCO,27.65,27.9,0.25,0.9,-,-,-,68.12,17.81,
,CAPILLARY,515.35,520.0,4.65,0.9,-,-,-,798.95,481.0,
,DEEDEV,309.9,312.65,2.75,0.89,-,-,-,336.2,183.0,
,STEELXIND,7.97,8.04,0.07,0.88,-,-,-,11.55,7.06,
,LANDMARK,353.7,356.8,3.1,0.88,-,-,-,662.8,329.8,
,NATCOPHARM,1016.2,1025.0,8.8,0.87,-,-,-,1059.0,726.8,
,METROBRAND,950.8,959.0,8.2,0.86,-,-,-,1340.4,931.9,
,METROPOLIS,1823.9,1839.5,15.6,0.86,-,-,-,2263.0,1315.0,
,REDINGTON,245.55,247.65,2.1,0.86,-,-,-,334.8,176.94,
,TRIDENT,23.3,23.5,0.2,0.86,-,-,-,34.62,22.61,
,LINDEINDIA,7189.5,7250.0,60.5,0.84,-,-,-,7870.0,5242.4,
,IOC,160.16,161.5,1.34,0.84,-,-,-,188.96,122.35,
,LIBERTSHOE,239.91,241.9,1.99,0.83,-,-,-,470.0,217.1,
,CONCOR,467.15,471.0,3.85,0.82,-,-,-,652.04,458.45,
,DBOL,103.15,104.0,0.85,0.82,-,-,-,115.25,57.34,
,JYOTISTRUC,11.1,11.19,0.09,0.81,-,-,-,22.18,7.94,
,LAXMIINDIA,83.63,84.3,0.67,0.8,-,-,-,180.9,82.2,
,GSPL,278.8,281.0,2.2,0.79,-,-,-,360.6,270.0,
,RUBICON,799.15,805.5,6.35,0.79,-,-,-,822.0,570.75,
,SUNDARAM,1.28,1.29,0.01,0.78,-,-,-,2.46,1.13,
,MASTEK,1557.7,1569.9,12.2,0.78,-,-,-,2818.0,1528.0,
,JINDRILL,515.0,519.0,4.0,0.78,-,-,-,982.45,440.1,
,HPAL,33.19,33.45,0.26,0.78,-,-,-,57.55,32.2,
,AMBIKCO,1371.5,1382.0,10.5,0.77,-,-,-,1700.0,1101.0,
,TECHM,1349.8,1360.0,10.2,0.76,-,-,-,1854.0,1209.4,
,FOSECOIND,5074.5,5113.0,38.5,0.76,-,-,-,6846.0,3250.55,
,BHANDARI,2.62,2.64,0.02,0.76,-,-,-,5.82,2.53,
,ISFT,73.2,73.75,0.55,0.75,-,-,-,120.99,63.85,
,RATNAMANI,2360.3,2378.0,17.7,0.75,-,-,-,3050.0,1936.5,
,NESTLEIND,1220.8,1230.0,9.2,0.75,-,-,-,1340.4,1074.0,
,PGHH,10821.0,10900.0,79.0,0.73,-,-,-,14543.0,10500.0,
,PHANTOMFX,185.65,187.0,1.35,0.73,-,-,-,327.95,175.0,
,APOLLOTYRE,417.65,420.7,3.05,0.73,-,-,-,540.5,375.0,
,GVKPIL,2.76,2.78,0.02,0.72,-,-,-,4.48,2.59,
,AARTIDRUGS,356.45,359.0,2.55,0.72,-,-,-,564.05,312.0,
,TVSSRICHAK,3549.8,3575.5,25.7,0.72,-,-,-,4775.8,2431.8,
,SUMIT,32.42,32.65,0.23,0.71,-,-,-,117.0,31.74,
,JAYSREETEA,88.32,88.94,0.62,0.7,-,-,-,122.71,72.91,
,CPPLUS,1608.8,1619.9,11.1,0.69,-,-,-,1759.0,1015.0,
,JYOTICNC,759.8,765.0,5.2,0.68,-,-,-,1330.0,748.35,
,PRIVISCL,2869.4,2889.0,19.6,0.68,-,-,-,3440.5,1472.0,
,BAJFINANCE,863.1,869.0,5.9,0.68,-,-,-,1102.5,827.26,
,IOLCP,70.63,71.1,0.47,0.67,-,-,-,126.66,57.5,
,ASAHISONG,188.74,190.0,1.26,0.67,-,-,-,491.95,188.1,
,WABAG,1279.5,1288.0,8.5,0.66,-,-,-,1680.0,1033.0,
,MEDICAMEQ,275.2,277.0,1.8,0.65,-,-,-,544.0,271.6,
,SUMMITSEC,1551.9,1562.0,10.1,0.65,-,-,-,2495.0,1506.55,
,MAXHEALTH,1020.4,1027.0,6.6,0.65,-,-,-,1314.3,933.8,
,ANKITMETAL,1.54,1.55,0.01,0.65,-,-,-,2.65,1.52,
,MBAPL,466.95,469.95,3.0,0.64,-,-,-,489.45,240.0,
,GULFOILLUB,1010.0,1016.5,6.5,0.64,-,-,-,1331.9,911.0,
,MUFIN,104.34,105.0,0.66,0.63,-,-,-,126.34,63.11,
,HINDCON,19.13,19.25,0.12,0.63,-,-,-,40.24,18.04,
,COMPUSOFT,12.72,12.8,0.08,0.63,-,-,-,24.32,12.0,
,CRIZAC,210.67,212.0,1.33,0.63,-,-,-,387.95,206.39,
,ITC,304.1,306.0,1.9,0.62,-,-,-,444.2,302.0,
,BEML,1614.2,1624.0,9.8,0.61,-,-,-,2437.4,1225.65,
,GREENPLY,197.8,199.0,1.2,0.61,-,-,-,351.95,187.99,
,DPABHUSHAN,1023.7,1029.8,6.1,0.6,-,-,-,1729.6,949.6,
,GRINFRA,921.5,927.0,5.5,0.6,-,-,-,1444.4,896.05,
,JINDALSAW,198.8,200.0,1.2,0.6,-,-,-,286.4,153.0,
,SPIC,63.1,63.48,0.38,0.6,-,-,-,128.2,58.62,
,CENTRUM,20.38,20.5,0.12,0.59,-,-,-,41.9,20.28,
,ORIENTHOT,87.89,88.4,0.51,0.58,-,-,-,168.99,86.31,
,SAKAR,556.8,560.0,3.2,0.57,-,-,-,569.95,210.1,
,DVL,225.84,227.1,1.26,0.56,-,-,-,398.85,207.17,
,AGIIL,312.15,313.9,1.75,0.56,-,-,-,321.0,137.0,
,ARTEMISMED,229.64,230.9,1.26,0.55,-,-,-,306.15,210.06,
,KTKBANK,226.7,227.95,1.25,0.55,-,-,-,233.0,167.55,
,ASALCBR,731.2,735.2,4.0,0.55,-,-,-,1477.95,726.0,
,FDC,366.9,368.9,2.0,0.55,-,-,-,527.8,349.25,
,APLAPOLLO,2009.2,2020.0,10.8,0.54,-,-,-,2301.4,1365.0,
,MUTHOOTCAP,201.42,202.5,1.08,0.54,-,-,-,366.3,187.0,
,ADOR,998.5,1003.8,5.3,0.53,-,-,-,1260.0,788.0,
,VADILALIND,4913.7,4939.5,25.8,0.53,-,-,-,7398.5,3996.0,
,PDMJEPAPER,75.64,76.03,0.39,0.52,-,-,-,148.39,73.0,
,CAPTRUST,11.59,11.65,0.06,0.52,-,-,-,68.34,11.08,
,SOLARINDS,14525.0,14600.0,75.0,0.52,-,-,-,17820.0,9615.0,
,GLOBUSSPR,837.4,841.75,4.35,0.52,-,-,-,1303.2,819.4,
,RAMCOCEM,995.7,1000.9,5.2,0.52,-,-,-,1214.5,788.2,
,NAVNETEDUL,135.54,136.25,0.71,0.52,-,-,-,168.5,131.26,
,KRSNAA,611.8,615.0,3.2,0.52,-,-,-,894.4,579.15,
,PAUSHAKLTD,422.8,425.0,2.2,0.52,-,-,-,633.05,401.0,
,TVSSCS,105.33,105.88,0.55,0.52,-,-,-,147.0,92.16,
,PFOCUS,274.45,275.85,1.4,0.51,-,-,-,294.0,85.0,
,SBFC,92.53,93.0,0.47,0.51,-,-,-,123.0,82.0,
,SHANKARA,106.26,106.8,0.54,0.51,-,-,-,1209.8,98.25,
,ZIMLAB,64.67,65.0,0.33,0.51,-,-,-,127.0,64.02,
,CCL,1060.6,1066.0,5.4,0.51,-,-,-,1074.4,525.0,
,BLS,251.75,253.0,1.25,0.5,-,-,-,428.6,242.6,
,DEVYANI,116.96,117.54,0.58,0.5,-,-,-,191.0,108.8,
,SHANTIGOLD,203.67,204.68,1.01,0.5,-,-,-,274.1,184.1,
,PARAGMILK,203.92,204.93,1.01,0.5,-,-,-,376.95,142.0,
,CESC,159.42,160.21,0.79,0.5,-,-,-,185.26,136.89,
,DCXINDIA,184.6,185.5,0.9,0.49,-,-,-,363.75,153.6,
,RSYSTEMS,288.2,289.6,1.4,0.49,-,-,-,496.9,250.65,
,THYROCARE,367.05,368.85,1.8,0.49,-,-,-,536.67,219.57,
,RGL,104.5,105.0,0.5,0.48,-,-,-,147.9,96.63,
,MIDHANI,332.3,333.9,1.6,0.48,-,-,-,469.0,233.0,
,UTKARSHBNK,12.53,12.59,0.06,0.48,-,-,-,23.93,12.28,
,ATALREAL,22.79,22.9,0.11,0.48,-,-,-,29.2,11.79,
,CCAVENUE,14.64,14.71,0.07,0.48,-,-,-,23.64,14.55,
,OLAELEC,23.7,23.81,0.11,0.46,-,-,-,71.25,23.01,
,GLOBAL,103.52,104.0,0.48,0.46,-,-,-,112.35,41.0,
,IFCI,53.95,54.2,0.25,0.46,-,-,-,74.5,36.2,
,HCLTECH,1358.1,1364.4,6.3,0.46,-,-,-,1780.1,1302.75,
,SCI,250.7,251.85,1.15,0.46,-,-,-,280.5,145.0,
,OFSS,6694.5,6725.0,30.5,0.46,-,-,-,9950.0,6399.5,
,MGL,1050.2,1055.0,4.8,0.46,-,-,-,1586.9,1010.1,
,WHIRLPOOL,860.85,864.7,3.85,0.45,-,-,-,1473.8,756.85,
,BAYERCROP,4502.5,4522.5,20.0,0.44,-,-,-,6511.0,4273.0,
,RELIGARE,210.58,211.5,0.92,0.44,-,-,-,295.0,196.51,
,PGINVIT,91.05,91.45,0.4,0.44,-,-,-,98.19,74.96,
,ACL,53.77,54.0,0.23,0.43,-,-,-,109.99,48.15,
,AKSHOPTFBR,4.73,4.75,0.02,0.42,-,-,-,12.95,4.16,
,DCMSHRIRAM,1015.7,1020.0,4.3,0.42,-,-,-,1502.3,945.1,
,VESUVIUS,496.8,498.9,2.1,0.42,-,-,-,646.0,397.01,
,TMB,627.35,630.0,2.65,0.42,-,-,-,721.0,401.0,
,WELSPUNLIV,115.86,116.33,0.47,0.41,-,-,-,154.57,104.8,
,RELAXO,302.65,303.9,1.25,0.41,-,-,-,526.0,298.55,
,TAJGVK,304.75,306.0,1.25,0.41,-,-,-,528.1,296.0,
,DBL,454.15,456.0,1.85,0.41,-,-,-,585.0,376.0,
,LUXIND,870.15,873.7,3.55,0.41,-,-,-,1645.8,851.0,
,SCHNEIDER,907.45,911.1,3.65,0.4,-,-,-,1052.0,540.0,
,GLOBE,2.52,2.53,0.01,0.4,-,-,-,3.29,2.02,
,MGEL,10.26,10.3,0.04,0.39,-,-,-,18.4,9.53,
,SONACOMS,510.3,512.3,2.0,0.39,-,-,-,559.5,380.0,
,MOIL,271.95,273.0,1.05,0.39,-,-,-,405.6,269.0,
,JISLJALEQS,34.38,34.51,0.13,0.38,-,-,-,66.45,32.26,
,GRANULES,586.75,589.0,2.25,0.38,-,-,-,627.0,422.0,
,LTM,4323.6,4340.0,16.4,0.38,-,-,-,6429.5,3802.0,
,NTPC,390.55,392.0,1.45,0.37,-,-,-,392.4,315.55,
,GPTHEALTH,127.03,127.5,0.47,0.37,-,-,-,185.0,119.34,
,DHAMPURSUG,123.45,123.9,0.45,0.36,-,-,-,161.96,110.0,
,DBREALTY,103.53,103.9,0.37,0.36,-,-,-,252.67,95.5,
,IGL,161.91,162.5,0.59,0.36,-,-,-,229.0,152.24,
,SYMPHONY,815.5,818.35,2.85,0.35,-,-,-,1347.9,730.55,
,SARLAPOLY,79.61,79.89,0.28,0.35,-,-,-,127.5,71.37,
,SPECIALITY,100.05,100.4,0.35,0.35,-,-,-,156.45,96.71,
,MAITHANALL,941.7,945.0,3.3,0.35,-,-,-,1264.0,835.25,
,SUBROS,687.55,689.95,2.4,0.35,-,-,-,1213.7,518.0,
,FRACTAL,847.1,850.0,2.9,0.34,-,-,-,921.0,733.7,
,ATLANTAELE,1046.4,1050.0,3.6,0.34,-,-,-,1097.85,707.6,
,ANTELOPUS,575.85,577.8,1.95,0.34,-,-,-,767.95,357.0,
,APTUS,227.24,228.0,0.76,0.33,-,-,-,364.0,218.27,
,ABB,6409.0,6430.0,21.0,0.33,-,-,-,6429.5,4637.5,
,BLUESTARCO,1953.5,1960.0,6.5,0.33,-,-,-,2269.8,1521.0,
,TIMKEN,3486.5,3498.0,11.5,0.33,-,-,-,3575.0,2202.0,
,GPPL,159.42,159.94,0.52,0.33,-,-,-,200.09,127.74,
,KAYTEX,76.75,77.0,0.25,0.33,-,-,-,156.9,54.5,
,BHARATWIRE,163.47,163.99,0.52,0.32,-,-,-,248.7,154.11,
,SEPC,6.23,6.25,0.02,0.32,-,-,-,16.5,6.16,
,AVONMORE,12.56,12.6,0.04,0.32,-,-,-,24.19,12.25,
,ANUHPHR,78.26,78.5,0.24,0.31,-,-,-,114.9,69.27,
,HINDCOPPER,527.35,529.0,1.65,0.31,-,-,-,760.05,183.82,
,TORNTPHARM,4446.0,4459.9,13.9,0.31,-,-,-,4470.0,3031.8,
,FSL,222.06,222.72,0.66,0.3,-,-,-,403.8,202.0,
,TVSELECT,376.7,377.8,1.1,0.29,-,-,-,739.35,274.0,
,NSLNISP,37.89,38.0,0.11,0.29,-,-,-,49.65,32.13,
,FROG,135.6,136.0,0.4,0.29,-,-,-,302.8,125.0,
,TCIEXP,494.5,495.9,1.4,0.28,-,-,-,848.0,478.0,
,GOACARBON,327.1,328.0,0.9,0.28,-,-,-,532.8,320.2,
,KNRCON,126.65,127.0,0.35,0.28,-,-,-,254.0,116.91,
,ELIN,117.67,118.0,0.33,0.28,-,-,-,234.0,110.05,
,ALEMBICLTD,82.97,83.2,0.23,0.28,-,-,-,125.54,82.75,
,RBZJEWEL,116.68,117.0,0.32,0.27,-,-,-,179.0,115.0,
,EXPLEOSOL,743.1,745.1,2.0,0.27,-,-,-,1370.9,725.0,
,JAGRAN,62.86,63.03,0.17,0.27,-,-,-,83.8,61.65,
,TORNTPOWER,1506.0,1510.0,4.0,0.27,-,-,-,1640.0,1188.0,
,ADSL,103.57,103.85,0.28,0.27,-,-,-,226.55,101.0,
,SUNPHARMA,1825.3,1830.3,5.0,0.27,-,-,-,1851.2,1548.0,
,SAKSOFT,131.25,131.6,0.35,0.27,-,-,-,253.99,125.03,
,INDIANB,909.6,912.0,2.4,0.26,-,-,-,1000.0,478.0,
,EBGNG,388.3,389.3,1.0,0.26,-,-,-,401.7,239.0,
,NOCIL,129.93,130.25,0.32,0.25,-,-,-,211.0,125.31,
,ZEEMEDIA,7.89,7.91,0.02,0.25,-,-,-,16.46,7.1,
,APLLTD,703.3,705.0,1.7,0.24,-,-,-,1107.9,682.0,
,GUFICBIO,287.4,288.1,0.7,0.24,-,-,-,407.85,268.0,
,MAHEPC,113.53,113.8,0.27,0.24,-,-,-,185.12,107.55,
,HONASA,280.5,281.15,0.65,0.23,-,-,-,334.2,205.01,
,UGROCAP,96.39,96.6,0.21,0.22,-,-,-,196.06,95.5,
,TCIFINANCE,14.19,14.22,0.03,0.21,-,-,-,38.46,10.0,
,UNIENTER,99.99,100.2,0.21,0.21,-,-,-,168.5,96.1,
,KALAMANDIR,99.19,99.4,0.21,0.21,-,-,-,223.03,98.8,
,DEVX,37.52,37.6,0.08,0.21,-,-,-,64.05,34.0,
,VINCOFE,125.75,126.0,0.25,0.2,-,-,-,179.85,82.81,
,CAPLIPOINT,1687.6,1691.0,3.4,0.2,-,-,-,2395.0,1599.0,
,THANGAMAYL,3562.8,3570.0,7.2,0.2,-,-,-,4149.0,1676.7,
,SUPRIYA,585.8,587.0,1.2,0.2,-,-,-,842.0,573.4,
,ZUARIIND,247.5,248.0,0.5,0.2,-,-,-,416.0,229.99,
,IBULLSLTD,9.94,9.96,0.02,0.2,-,-,-,21.25,8.9,
,TARIL,292.4,292.95,0.55,0.19,-,-,-,594.0,224.05,
,BLUSPRING,46.91,47.0,0.09,0.19,-,-,-,100.88,46.3,
,ASTEC,626.35,627.5,1.15,0.18,-,-,-,988.51,554.0,
,ZENITHSTL,5.51,5.52,0.01,0.18,-,-,-,10.33,4.41,
,KAMDHENU,22.24,22.28,0.04,0.18,-,-,-,35.95,20.25,
,MUTHOOTFIN,3244.0,3250.0,6.0,0.18,-,-,-,4149.5,1965.0,
,UDS,149.73,150.0,0.27,0.18,-,-,-,356.0,145.64,
,PRESTIGE,1252.7,1255.0,2.3,0.18,-,-,-,1814.0,1048.05,
,PRSMJOHNSN,125.18,125.4,0.22,0.18,-,-,-,176.0,114.72,
,ZAGGLE,224.61,225.0,0.39,0.17,-,-,-,469.8,211.05,
,ONGC,270.55,271.0,0.45,0.17,-,-,-,293.0,205.0,
,AIAENG,3722.8,3729.0,6.2,0.17,-,-,-,4206.1,3001.1,
,SETCO,17.98,18.01,0.03,0.17,-,-,-,21.68,11.56,
,SIEMENS,3324.7,3330.0,5.3,0.16,-,-,-,5520.0,2450.0,
,DLF,558.1,559.0,0.9,0.16,-,-,-,886.8,553.55,
,NAZARA,242.5,242.9,0.4,0.16,-,-,-,363.25,221.35,
,NATIONALUM,409.15,409.75,0.6,0.15,-,-,-,431.5,137.75,
,MAGNUM,19.57,19.6,0.03,0.15,-,-,-,32.38,18.16,
,HINDUNILVR,2136.9,2140.0,3.1,0.15,-,-,-,2750.0,2109.3,
,OIL,479.3,480.0,0.7,0.15,-,-,-,524.0,325.0,
,SALASAR,7.21,7.22,0.01,0.14,-,-,-,11.3,6.91,
,NILAINFRA,7.29,7.3,0.01,0.14,-,-,-,13.78,6.75,
,MARALOVER,41.94,42.0,0.06,0.14,-,-,-,82.15,36.57,
,LLOYDSENGG,43.93,43.99,0.06,0.14,-,-,-,84.27,41.13,
,FISCHER,35.15,35.2,0.05,0.14,-,-,-,124.7,33.94,
,AETHER,1047.65,1049.0,1.35,0.13,-,-,-,1083.6,725.0,
,BSHSL,84.39,84.5,0.11,0.13,-,-,-,158.34,78.65,
,KEI,4330.0,4335.0,5.0,0.12,-,-,-,5303.0,2424.0,
,BAJAJHIND,16.53,16.55,0.02,0.12,-,-,-,29.64,14.85,
,PAISALO,32.17,32.21,0.04,0.12,-,-,-,41.7,29.38,
,ELLEN,217.05,217.3,0.25,0.12,-,-,-,637.7,203.91,
,PINELABS,164.81,165.0,0.19,0.12,-,-,-,284.0,163.93,
,GODFRYPHLP,2091.6,2094.0,2.4,0.11,-,-,-,3947.0,1743.02,
,DBCORP,206.82,207.05,0.23,0.11,-,-,-,291.85,204.0,
,BCLIND,28.26,28.29,0.03,0.11,-,-,-,49.3,26.07,
,AXITA,8.9,8.91,0.01,0.11,-,-,-,12.2,7.26,
,PANACEABIO,341.55,341.9,0.35,0.1,-,-,-,581.9,305.05,
,MARATHON,406.55,406.95,0.4,0.1,-,-,-,769.45,352.2,
,SAGCEM,180.97,181.15,0.18,0.1,-,-,-,299.4,168.04,
,XPROINDIA,858.45,859.3,0.85,0.1,-,-,-,1331.5,832.35,
,DHANUKA,960.5,961.5,1.0,0.1,-,-,-,1975.0,948.9,
,HUBTOWN,203.8,204.0,0.2,0.1,-,-,-,365.7,162.05,
,RESPONIND,164.12,164.28,0.16,0.1,-,-,-,251.0,155.8,
,SASKEN,1074.4,1075.5,1.1,0.1,-,-,-,1714.2,1060.0,
,PSPPROJECT,673.5,674.2,0.7,0.1,-,-,-,1029.9,620.75,
,GAEL,130.37,130.5,0.13,0.1,-,-,-,149.11,100.5,
,BALAJITELE,97.23,97.33,0.1,0.1,-,-,-,141.32,50.15,
,APTECHT,81.27,81.35,0.08,0.1,-,-,-,182.3,76.02,
,SFL,522.3,522.8,0.5,0.1,-,-,-,779.0,497.95,
,63MOONS,594.05,594.65,0.6,0.1,-,-,-,1130.0,541.0,
,REMSONSIND,105.49,105.6,0.11,0.1,-,-,-,157.0,101.37,
,MOKSH,11.5,11.51,0.01,0.09,-,-,-,16.65,11.35,
,GPTINFRA,106.9,107.0,0.1,0.09,-,-,-,149.8,90.48,
,TRF,233.2,233.4,0.2,0.09,-,-,-,450.0,220.0,
,M&M,3031.2,3034.0,2.8,0.09,-,-,-,3839.9,2425.0,
,JKTYRE,430.7,431.1,0.4,0.09,-,-,-,611.9,244.0,
,USHAMART,421.15,421.55,0.4,0.09,-,-,-,497.1,285.4,
,SRM,384.15,384.5,0.35,0.09,-,-,-,649.95,298.35,
,JUSTDIAL,525.25,525.65,0.4,0.08,-,-,-,1048.9,508.9,
,MADRASFERT,64.03,64.08,0.05,0.08,-,-,-,107.06,58.08,
,CASTROLIND,185.59,185.74,0.15,0.08,-,-,-,244.15,180.66,
,INDOSTAR,203.84,204.0,0.16,0.08,-,-,-,366.3,185.1,
,OMINFRAL,87.94,88.0,0.06,0.07,-,-,-,146.12,71.5,
,TCS,2442.4,2444.0,1.6,0.07,-,-,-,3710.0,2436.0,
,WEBELSOLAR,55.96,56.0,0.04,0.07,-,-,-,158.99,50.4,
,MENONBE,126.91,127.0,0.09,0.07,-,-,-,145.9,86.0,
,MOREPENLAB,40.26,40.29,0.03,0.07,-,-,-,70.5,33.5,
,HONAUT,30580.0,30600.0,20.0,0.07,-,-,-,41450.0,29385.0,
,CHAMBLFERT,434.1,434.4,0.3,0.07,-,-,-,742.2,409.1,
,UNIMECH,852.45,853.0,0.55,0.06,-,-,-,1397.0,807.05,
,SYNGENE,404.1,404.35,0.25,0.06,-,-,-,760.0,387.05,
,IIFL,480.7,481.0,0.3,0.06,-,-,-,675.0,306.0,
,GENUSPOWER,255.85,256.0,0.15,0.06,-,-,-,430.0,210.4,
,CUPID,81.35,81.4,0.05,0.06,-,-,-,105.39,11.15,
,ATHERENERG,710.55,711.0,0.45,0.06,-,-,-,790.0,288.15,
,STAR,910.5,911.0,0.5,0.05,-,-,-,1025.0,513.05,
,ONESOURCE,1469.2,1470.0,0.8,0.05,-,-,-,2248.0,1057.0,
,JAICORPLTD,102.73,102.78,0.05,0.05,-,-,-,178.24,81.49,
,ORIANA,1781.1,1782.0,0.9,0.05,-,-,-,3064.0,1000.0,
,MANAKCOAT,112.36,112.4,0.04,0.04,-,-,-,182.82,72.2,
,PNCINFRA,201.86,201.95,0.09,0.04,-,-,-,331.8,191.23,
,ESAFSFB,24.79,24.8,0.01,0.04,-,-,-,36.2,24.11,
,OMAXE,72.75,72.77,0.02,0.03,-,-,-,113.4,62.5,
,MAZDOCK,2443.3,2444.0,0.7,0.03,-,-,-,3775.0,2125.9,
,ZENTEC,1418.6,1419.0,0.4,0.03,-,-,-,2268.0,1159.05,
,GSFC,159.46,159.5,0.04,0.03,-,-,-,220.59,149.5,
,ASTERDM,684.05,684.25,0.2,0.03,-,-,-,732.2,414.95,
,TRANSRAILL,514.4,514.5,0.1,0.02,-,-,-,855.8,394.55,
,BALMLAWRIE,167.96,168.0,0.04,0.02,-,-,-,238.2,163.08,
,SANSERA,2079.6,2080.0,0.4,0.02,-,-,-,2396.0,972.2,
,NYKAA,244.95,245.0,0.05,0.02,-,-,-,285.6,160.21,
,GODREJIND,892.85,893.0,0.15,0.02,-,-,-,1390.0,869.4,
,DOLATALGO,73.84,73.85,0.01,0.01,-,-,-,111.05,68.0,
,TASTYBITE,7044.0,7045.0,1.0,0.01,-,-,-,11958.0,6563.5,
,JUBLPHARMA,827.65,827.7,0.05,0.01,-,-,-,1248.0,786.05,
,HAVELLS,1354.0,1354.2,0.2,0.01,-,-,-,1673.8,1250.1,
,BORANA,389.1,389.15,0.05,0.01,-,-,-,420.0,211.0,
,NUCLEUS,756.95,757.0,0.05,0.01,-,-,-,1378.0,725.0,
,ADANIGREEN,866.55,866.65,0.1,0.01,-,-,-,1177.55,765.0,
,AEQUS,115.59,115.6,0.01,0.01,-,-,-,165.4,114.51,
,SIKKO,4.73,4.73,0.0,0.0,-,-,-,6.83,3.2,
,GARUDA,166.96,166.96,0.0,0.0,-,-,-,249.3,87.5,
,URJA,9.14,9.14,0.0,0.0,-,-,-,17.49,8.45,
,SITINET,0.34,0.34,0.0,0.0,-,-,-,0.59,0.31,
,ROLLT,1.29,1.29,0.0,0.0,-,-,-,2.53,1.02,
,ORCHASP,2.0,2.0,0.0,0.0,-,-,-,4.16,1.9,
,A2ZINFRA,16.26,16.26,0.0,0.0,-,-,-,23.25,12.35,
,EXICOM,86.79,86.79,0.0,0.0,-,-,-,208.65,83.1,
,SOUTHWEST,200.46,200.46,0.0,0.0,-,-,-,242.0,99.06,
,EIFFL,228.54,228.54,0.0,0.0,-,-,-,305.9,170.76,
,RAYMONDLSL,787.65,787.65,0.0,0.0,-,-,-,1411.9,776.0,
,HEXT,418.7,418.7,0.0,0.0,-,-,-,900.0,400.2,
,AJOONI,4.44,4.44,0.0,0.0,-,-,-,6.85,3.55,
,IRMENERGY,211.59,211.59,0.0,0.0,-,-,-,393.0,185.0,
,RACLGEAR,1286.5,1286.5,0.0,0.0,-,-,-,1691.9,658.05,
,IIFLCAPS,292.0,292.0,0.0,0.0,-,-,-,411.3,180.0,
,ACCURACY,4.01,4.01,0.0,0.0,-,-,-,9.61,3.91,
,MINDTECK,191.71,191.71,0.0,0.0,-,-,-,307.68,145.0,
,OPTIEMUS,356.75,356.75,0.0,0.0,-,-,-,713.0,335.2,
,MODISONLTD,125.74,125.74,0.0,0.0,-,-,-,197.45,112.0,
,SURANASOL,21.43,21.43,0.0,0.0,-,-,-,41.44,20.01,
,ABFRL,62.07,62.07,0.0,0.0,-,-,-,295.7,59.31,
,INSECTICID,609.95,609.95,0.0,0.0,-,-,-,1098.0,564.35,
,MCLOUD,22.87,22.87,0.0,0.0,-,-,-,105.42,21.2,
,INDRAMEDCO,398.65,398.65,0.0,0.0,-,-,-,640.85,307.25,
,DODLA,1001.3,1001.3,0.0,0.0,-,-,-,1525.0,968.95,
,SHYAMMETL,779.8,779.8,0.0,0.0,-,-,-,1001.0,745.0,
,SNOWMAN,35.65,35.65,0.0,0.0,-,-,-,64.4,34.0,
,EVEREADY,313.1,313.1,0.0,0.0,-,-,-,475.2,272.3,
,NIITLTD,65.62,65.62,0.0,0.0,-,-,-,150.75,60.9,
,MITTAL,0.83,0.83,0.0,0.0,-,-,-,2.04,0.74,
,LTTS,3129.5,3129.5,0.0,0.0,-,-,-,4751.95,3042.0,
,SUNTECK,334.3,334.3,0.0,0.0,-,-,-,478.75,331.25,
,YATHARTH,677.8,677.8,0.0,0.0,-,-,-,843.7,365.65,
,GULPOLY,158.88,158.88,0.0,0.0,-,-,-,220.5,121.5,
,HINDPETRO,384.35,384.35,0.0,0.0,-,-,-,508.45,319.5,
,GILLETTE,7991.5,7991.5,0.0,0.0,-,-,-,11500.0,7563.35,
,PAGEIND,30860.0,30860.0,0.0,0.0,-,-,-,50590.0,30600.0,
,FCSSOFT,1.47,1.47,0.0,0.0,-,-,-,3.05,1.45,
,EMUDHRA,432.75,432.75,0.0,0.0,-,-,-,894.1,400.0,
,FOCUS,67.03,67.03,0.0,0.0,-,-,-,126.15,61.5,
,NSIL,5642.5,5642.5,0.0,0.0,-,-,-,8730.0,5130.05,
,MEP,0.95,0.95,0.0,0.0,-,-,-,2.87,0.93,
,SBILIFE,1939.4,1939.4,0.0,0.0,-,-,-,2132.0,1382.65,
,KRONOX,112.4,112.4,0.0,0.0,-,-,-,207.49,105.5,
,SALZERELEC,599.1,599.1,0.0,0.0,-,-,-,1167.55,528.0,
,SPANDANA,227.35,227.35,0.0,0.0,-,-,-,331.71,183.81,
,CSBBANK,347.05,347.05,0.0,0.0,-,-,-,574.4,273.95,
,EMAMILTD,428.1,428.1,0.0,0.0,-,-,-,653.35,425.3,
,GRINDWELL,1488.0,1488.0,0.0,0.0,-,-,-,1884.0,1448.6,
,ELECON,391.0,391.0,0.0,0.0,-,-,-,716.25,361.5,
,EMCURE,1514.2,1514.2,0.0,0.0,-,-,-,1585.6,889.0,
,RKDL,18.65,18.65,0.0,0.0,-,-,-,34.58,16.3,
,GATECHDVR,0.44,0.44,0.0,0.0,-,-,-,1.16,0.42,
,SSWL,192.57,192.57,0.0,0.0,-,-,-,280.0,167.41,
,AVALON,912.9,912.9,0.0,0.0,-,-,-,1318.0,666.75,
,VBL,411.05,411.05,0.0,0.0,-,-,-,568.5,410.0,
,CCCL,15.72,15.72,0.0,0.0,-,-,-,28.87,12.66,
,BAGFILMS,4.85,4.85,0.0,0.0,-,-,-,8.0,4.5,
,VALIANTLAB,54.08,54.08,0.0,0.0,-,-,-,115.19,49.51,
,RHIM,380.9,380.9,0.0,0.0,-,-,-,547.9,361.9,
,STANLEY,158.71,158.71,0.0,0.0,-,-,-,377.5,142.65,
,RUSHIL,16.21,16.21,0.0,0.0,-,-,-,33.99,15.4,
,COLPAL,1975.8,1975.8,0.0,0.0,-,-,-,2747.4,1962.2,
,BRIGADE,665.0,665.0,0.0,0.0,-,-,-,1332.0,641.95,
,FEL,0.42,0.42,0.0,0.0,-,-,-,0.68,0.34,
,HGM,52.12,52.12,0.0,0.0,-,-,-,82.4,41.6,
,DAVANGERE,3.91,3.91,0.0,0.0,-,-,-,5.5,3.03,
,SCHAND,153.03,153.03,0.0,0.0,-,-,-,257.9,138.48,
,PFS,28.43,28.43,0.0,0.0,-,-,-,44.2,27.18,
,SUVIDHAA,2.75,2.75,0.0,0.0,-,-,-,6.57,2.44,
,TEJASNET,441.1,441.1,0.0,0.0,-,-,-,914.4,294.0,
,SANDHAR,491.1,491.1,0.0,0.0,-,-,-,601.0,339.55,
,NH,1705.5,1705.5,0.0,0.0,-,-,-,2370.2,1451.05,
,VINNY,1.2,1.2,0.0,0.0,-,-,-,1.64,0.94,
,KFINTECH,907.6,907.6,0.0,0.0,-,-,-,1388.5,828.8,
,KIRLOSENG,1468.9,1468.9,0.0,0.0,-,-,-,1530.0,578.5,
,UGARSUGAR,37.46,37.46,0.0,0.0,-,-,-,52.5,33.75,
,KAMATHOTEL,188.84,188.84,0.0,0.0,-,-,-,353.6,178.0,
,STYLEBAAZA,268.55,268.55,0.0,0.0,-,-,-,392.0,220.5,
,TRITURBINE,470.3,470.3,0.0,0.0,-,-,-,675.2,454.1,
,VIKASECO,1.3,1.3,0.0,0.0,-,-,-,2.78,1.27,
,SUBEXLTD,8.45,8.45,0.0,0.0,-,-,-,17.19,8.0,
,FELDVR,2.75,2.75,0.0,0.0,-,-,-,4.25,2.56,
,BALUFORGE,466.85,466.85,0.0,0.0,-,-,-,784.0,341.05,
,DABUR,459.35,459.35,0.0,0.0,-,-,-,577.0,433.3,
,SURYAROSNI,222.15,222.15,0.0,0.0,-,-,-,359.0,201.82,
,CONFIPET,35.45,35.45,0.0,0.0,-,-,-,63.69,28.06,
,TAC,450.2,450.2,0.0,0.0,-,-,-,899.65,352.0,
,CROMPTON,247.2,247.2,0.0,0.0,-,-,-,367.5,217.4,
,NAGAFERT,4.19,4.19,0.0,0.0,-,-,-,6.54,3.81,
,SERVOTECH,71.16,71.16,0.0,0.0,-,-,-,168.5,57.51,
,CYIENT,902.55,902.55,0.0,0.0,-,-,-,1376.0,853.3,
,FOODSIN,58.25,58.25,0.0,0.0,-,-,-,128.45,49.89,
,BANKBARODA,289.2,289.2,0.0,0.0,-,-,-,325.5,201.11,
,ASAHIINDIA,856.2,856.2,0.0,0.0,-,-,-,1074.0,576.8,
,SCILAL,43.23,43.23,0.0,0.0,-,-,-,60.34,42.11,
,LTF,265.5,265.5,0.0,0.0,-,-,-,329.45,136.81,
,SINCLAIR,71.42,71.42,0.0,0.0,-,-,-,114.75,71.02,
,MINDACORP,481.15,481.15,0.0,0.0,-,-,-,619.95,445.05,
,GTLINFRA,1.08,1.08,0.0,0.0,-,-,-,2.17,0.98,
,HCG-RE,36.0,36.0,0.0,0.0,-,-,-,56.1,28.1,
,GVPTECH,6.11,6.11,0.0,0.0,-,-,-,12.0,5.68,
,SIGACHI,19.25,19.25,0.0,0.0,-,-,-,59.59,18.25,
,SHRIRAMPPS,71.95,71.95,0.0,0.0,-,-,-,105.58,65.1,
,ECLERX,3151.8,1575.9,0.0,0.0,-,-,-,2497.5,1084.0,
,PGIL,1515.3,1515.3,0.0,0.0,-,-,-,1993.3,875.0,
,AMRUTANJAN,548.0,548.0,0.0,0.0,-,-,-,790.95,541.35,
,ELGIEQUIP,490.65,490.65,0.0,0.0,-,-,-,608.4,401.0,
,JETFREIGHT,18.88,18.88,0.0,0.0,-,-,-,21.4,10.44,
,FEDERALBNK,270.25,270.25,0.0,0.0,-,-,-,302.0,175.55,
,EXXARO,6.96,6.96,0.0,0.0,-,-,-,10.95,5.45,
,JINDALSTEL,1225.0,1225.0,0.0,0.0,-,-,-,1272.1,770.0,
,SUZLON,42.43,42.43,0.0,0.0,-,-,-,74.3,38.19,
,RENUKA,24.56,24.56,0.0,0.0,-,-,-,35.85,22.85,
,SARVESHWAR,3.28,3.28,0.0,0.0,-,-,-,9.0,3.21,
,SAFARI,1640.0,1640.0,0.0,0.0,-,-,-,2507.1,1615.3,
,ATAM,59.24,59.24,0.0,0.0,-,-,-,128.0,55.9,
,KHADIM,105.77,105.77,0.0,0.0,-,-,-,330.25,100.75,
,GNFC,433.0,433.0,0.0,0.0,-,-,-,573.75,405.45,
,GREAVESCOT,143.32,143.32,0.0,0.0,-,-,-,244.3,142.06,
,MSTCLTD,428.8,428.8,0.0,0.0,-,-,-,582.45,415.1,
,ORICONENT,65.08,65.08,0.0,0.0,-,-,-,70.0,35.66,
,ZYDUSLIFE,916.9,916.9,0.0,0.0,-,-,-,1059.05,795.0,
,AWL,176.15,176.15,0.0,0.0,-,-,-,291.2,172.01,
,URBAN,133.3,133.3,0.0,0.0,-,-,-,206.4,124.0,
,GATEWAY,55.46,55.46,0.0,0.0,-,-,-,76.5,54.81,
,RPSGVENT,612.45,612.45,0.0,0.0,-,-,-,1027.0,592.8,
,SIYSIL,497.5,497.5,0.0,0.0,-,-,-,848.8,483.0,
,MOTILALOFS,697.4,697.4,0.0,0.0,-,-,-,1097.1,513.0,
,BIGBLOC,52.13,52.13,0.0,0.0,-,-,-,80.0,48.25,
,DPWIRES,147.98,147.98,0.0,0.0,-,-,-,306.95,135.0,
,KHAICHEM,54.26,54.26,0.0,0.0,-,-,-,135.8,43.17,
,ROUTE,475.95,475.95,0.0,0.0,-,-,-,1158.0,460.35,
,PAYTM,1009.1,1009.1,0.0,0.0,-,-,-,1381.8,680.0,
,TFCILTD,64.06,64.06,0.0,0.0,-,-,-,80.45,27.42,
,HDFCAMC,2429.0,2429.0,0.0,0.0,-,-,-,2967.25,1783.43,
,ANANDRATHI,3075.1,3075.1,0.0,0.0,-,-,-,3321.4,1594.0,
,INDIGOPNTS,818.05,818.05,0.0,0.0,-,-,-,1345.9,805.0,
,SYNCOMF,12.4,12.4,0.0,0.0,-,-,-,23.49,11.53,
,TANLA,431.8,431.8,0.0,0.0,-,-,-,766.0,412.0,
,IKIO,133.52,133.52,0.0,0.0,-,-,-,304.0,130.0,
,BODALCHEM,44.22,44.22,0.0,0.0,-,-,-,81.49,43.04,
,CEINSYS,1009.25,1009.25,0.0,0.0,-,-,-,1067.85,855.0,
,GABRIEL,879.8,879.8,0.0,0.0,-,-,-,1388.0,465.0,
,GICRE,369.3,369.3,0.0,0.0,-,-,-,453.8,350.25,
,CIEINDIA,456.7,456.7,0.0,0.0,-,-,-,526.0,356.75,
,RIIL,689.2,689.2,0.0,0.0,-,-,-,1047.9,654.5,
,SURYODAY,126.32,126.32,0.0,0.0,-,-,-,161.48,97.97,
,SANGHIIND,53.55,53.55,0.0,0.0,-,-,-,70.4,53.14,
,CHEMCON,155.39,155.39,0.0,0.0,-,-,-,295.0,150.97,
,GALAXYSURF,1852.8,1852.8,0.0,0.0,-,-,-,2750.1,1800.0,
,BAJAJINDEF,254.75,254.75,0.0,0.0,-,-,-,580.25,200.05,
,RUDRA,17.34,17.34,0.0,0.0,-,-,-,29.7,15.9,
,ARVINDFASN,393.35,393.35,0.0,0.0,-,-,-,579.0,320.2,
,MAXESTATES,374.8,374.8,0.0,0.0,-,-,-,564.3,341.1,
,TITAGARH,655.85,655.85,0.0,0.0,-,-,-,974.35,637.7,
,SAMHI,146.48,146.48,0.0,0.0,-,-,-,254.5,121.1,
,JBCHEPHARM,2131.4,2131.4,0.0,0.0,-,-,-,2141.0,1385.75,
,RAJRILTD,21.96,21.96,0.0,0.0,-,-,-,31.59,19.5,
,TIMETECHNO,168.25,168.25,0.0,0.0,-,-,-,249.15,153.3,
,IDBI,98.81,98.81,0.0,0.0,-,-,-,118.38,71.9,
,IFBIND,1021.2,1021.2,0.0,0.0,-,-,-,2019.8,1016.9,
,PCBL,272.0,272.0,0.0,0.0,-,-,-,444.15,254.5,
,PIDILITIND,1387.4,1387.4,0.0,0.0,-,-,-,1574.95,1358.33,
,MEDIASSIST,312.6,312.6,0.0,0.0,-,-,-,594.1,298.05,
,INOXWIND,83.68,83.68,0.0,0.0,-,-,-,199.01,79.04,
,GRWRHITECH,4078.8,4078.9,0.1,0.0,-,-,-,4782.9,2317.35,
,DALBHARAT,1894.5,1894.5,0.0,0.0,-,-,-,2496.3,1601.0,
,DEVIT,25.74,25.74,0.0,0.0,-,-,-,50.89,22.25,
,PETRONET,296.7,296.7,0.0,0.0,-,-,-,326.5,263.5,
,SUNDARMFIN,5347.5,5347.5,0.0,0.0,-,-,-,5642.0,4200.0,
,TATAELXSI,4330.0,4330.0,0.0,0.0,-,-,-,6735.0,4221.5,
,TATAPOWER,402.15,402.15,0.0,0.0,-,-,-,416.8,335.0,
,OSWALGREEN,25.05,25.05,0.0,0.0,-,-,-,50.9,23.65,
,PPL,199.42,199.42,0.0,0.0,-,-,-,473.9,186.41,
,RVNL,279.6,279.6,0.0,0.0,-,-,-,447.8,270.95,
,AZAD,1584.9,1584.9,0.0,0.0,-,-,-,1899.0,1159.45,
,COMPINFO,1.19,1.19,0.0,0.0,-,-,-,2.96,1.19,
,BPCL,326.35,326.35,0.0,0.0,-,-,-,391.65,258.31,
,INDIACEM,365.95,365.95,0.0,0.0,-,-,-,485.8,253.0,
,BALKRISHNA,14.77,14.77,0.0,0.0,-,-,-,25.97,12.0,
,INDIAMART,2100.3,2100.3,0.0,0.0,-,-,-,2799.0,1900.1,
,KIRLPNU,1120.2,1120.2,0.0,0.0,-,-,-,1550.0,984.0,
,MANAKSIA,55.96,55.96,0.0,0.0,-,-,-,85.6,53.51,
,JKIL,500.45,500.45,0.0,0.0,-,-,-,765.6,454.05,
,LICI,796.65,796.65,0.0,0.0,-,-,-,980.0,731.4,
,PRUDENT,2273.0,2273.0,0.0,0.0,-,-,-,3098.0,1750.05,
,DLINKINDIA,394.15,394.15,0.0,0.0,-,-,-,589.55,358.15,
,BSE,2850.6,2850.6,0.0,0.0,-,-,-,3227.0,1288.33,
,BLUEJET,377.35,377.35,0.0,0.0,-,-,-,1027.8,352.55,
,ONWARDTEC,252.4,252.4,0.0,0.0,-,-,-,385.0,206.0,
,SBIN,1085.2,1085.2,0.0,0.0,-,-,-,1234.7,719.05,
,SESHAPAPER,251.0,251.0,0.0,0.0,-,-,-,318.0,211.59,
,SHREECEM,23500.0,23500.0,0.0,0.0,-,-,-,32490.0,23315.0,
,ANGELONE,213.07,213.07,0.0,0.0,-,-,-,328.5,194.1,
,INDIASHLTR,689.9,689.9,0.0,0.0,-,-,-,1011.75,650.0,
,DOLLAR,257.3,257.3,0.0,0.0,-,-,-,429.9,249.4,
,MHRIL,265.95,265.95,0.0,0.0,-,-,-,382.0,259.0,
,MOLDTECH,128.16,128.16,0.0,0.0,-,-,-,221.0,109.95,
,MPHASIS,2185.2,2185.2,0.0,0.0,-,-,-,3037.2,2044.55,
,WHEELS,930.7,930.7,0.0,0.0,-,-,-,978.5,567.9,
,BECTORFOOD,184.61,184.61,0.0,0.0,-,-,-,330.8,181.6,
,CHENNPETRO,943.8,943.8,0.0,0.0,-,-,-,1103.0,527.0,
,BDL,1349.4,1349.4,0.0,0.0,-,-,-,2096.6,1088.0,
,RECLTD,343.5,343.5,0.0,0.0,-,-,-,450.0,321.0,
,AUBANK,902.2,902.2,0.0,0.0,-,-,-,1039.2,478.35,
,ABCAPITAL,319.95,319.95,0.0,0.0,-,-,-,369.3,158.6,
,CAPITALSFB,241.75,241.75,0.0,0.0,-,-,-,330.65,239.95,
,HLEGLAS,305.7,305.7,0.0,0.0,-,-,-,661.95,217.83,
,EASEMYTRIP,7.24,7.24,0.0,0.0,-,-,-,14.02,6.12,
,VIKASLIFE,1.3,1.3,0.0,0.0,-,-,-,3.16,1.27,
,RAMASTEEL,5.89,5.89,0.0,0.0,-,-,-,14.9,5.78,
,BILVYAPAR,6.48,6.48,0.0,0.0,-,-,-,23.11,6.1,
,INNOVACAP,713.95,713.95,0.0,0.0,-,-,-,1020.7,622.0,
,JUBLFOOD,461.75,461.75,0.0,0.0,-,-,-,727.95,452.0,
,PATANJALI,490.6,490.6,0.0,0.0,-,-,-,670.33,480.0,
,HUDCO,176.66,176.66,0.0,0.0,-,-,-,253.73,167.44,
,PRITIKAUTO,12.3,12.3,0.0,0.0,-,-,-,21.01,11.4,
,ZEEL,82.02,82.02,0.0,0.0,-,-,-,151.7,78.4,
,IDFCFIRSTB,64.78,64.78,0.0,0.0,-,-,-,87.0,52.46,
,GATECH,0.48,0.48,0.0,0.0,-,-,-,1.21,0.44,
,FORCEMOT,21560.0,21560.0,0.0,0.0,-,-,-,26450.0,7000.0,
,UJJIVANSFB,53.19,53.19,0.0,0.0,-,-,-,68.0,32.88,
,SHRENIK,0.41,0.41,0.0,0.0,-,-,-,0.77,0.37,
,MTEDUCARE,1.45,1.45,0.0,0.0,-,-,-,2.55,1.32,
,VISAKAIND,58.7,58.7,0.0,0.0,-,-,-,98.1,55.05,
,WENDT,6650.5,6650.5,0.0,0.0,-,-,-,12990.0,6240.0,
,ANURAS,1267.1,1267.1,0.0,0.0,-,-,-,1407.0,686.1,
,KANANIIND,1.35,1.35,0.0,0.0,-,-,-,2.72,1.3,
,SADBHAV,9.24,9.24,0.0,0.0,-,-,-,17.85,6.05,
,CALSOFT,12.7,12.7,0.0,0.0,-,-,-,21.42,9.96,
,AMANTA,98.38,98.38,0.0,0.0,-,-,-,154.4,93.3,
,KRIDHANINF,2.76,2.76,0.0,0.0,-,-,-,5.39,2.2,
,RELINFRA,89.89,89.89,0.0,0.0,-,-,-,423.4,81.58,
,HERANBA,182.89,182.89,0.0,0.0,-,-,-,403.7,181.0,
,IL&FSTRANS,2.3,2.3,0.0,0.0,-,-,-,4.4,2.18,
,FILATFASH,0.18,0.18,0.0,0.0,-,-,-,0.74,0.18,
,VEEDOL,1358.7,1358.7,0.0,0.0,-,-,-,2035.0,1279.0,
,PICCADIL,541.3,541.3,0.0,0.0,-,-,-,805.5,515.0,
,FIVESTAR,368.85,368.85,0.0,0.0,-,-,-,850.0,364.55,
,NIRMAN,49.45,49.45,0.0,0.0,-,-,-,282.5,46.75,
,MAZDA,188.63,188.63,0.0,0.0,-,-,-,337.77,185.56,
,COHANCE,289.35,289.35,0.0,0.0,-,-,-,1250.0,266.7,
,GANESHCP,169.69,169.69,0.0,0.0,-,-,-,309.95,160.4,
,GLOTTIS,45.0,45.0,0.0,0.0,-,-,-,93.0,42.51,
,SHANTI,6.37,6.37,0.0,0.0,-,-,-,23.87,6.1,
,TMPV,324.55,324.55,0.0,0.0,-,-,-,744.0,323.35,
,SUMICHEM,388.55,388.55,0.0,0.0,-,-,-,665.0,380.6,
,MAANALU,131.34,131.34,0.0,0.0,-,-,-,184.74,75.51,
,TEXINFRA,87.15,87.15,0.0,0.0,-,-,-,113.03,86.14,
,PENINLAND,16.06,16.06,0.0,0.0,-,-,-,46.0,15.54,
,TEMBO,512.55,512.55,0.0,0.0,-,-,-,837.0,386.0,
,MAHASTEEL,1020.9,1020.9,0.0,0.0,-,-,-,1050.0,221.9,
,VIJAYA,955.5,955.5,0.0,0.0,-,-,-,1180.0,813.15,
,KAMOPAINTS,4.54,4.54,0.0,0.0,-,-,-,12.49,3.95,
,ESSARSHPNG,24.88,24.88,0.0,0.0,-,-,-,43.26,21.5,
,ADFFOODS,186.05,186.05,0.0,0.0,-,-,-,300.85,168.2,
,ABINFRA,17.01,17.01,0.0,0.0,-,-,-,23.56,7.71,
,CARTRADE,1678.7,1678.7,0.0,0.0,-,-,-,3290.5,1362.5,
,GAYAHWS,2.28,2.28,0.0,0.0,-,-,-,4.76,0.9,
,VINEETLAB,30.04,30.04,0.0,0.0,-,-,-,42.01,22.28,
,AYE,105.41,105.41,0.0,0.0,-,-,-,149.69,103.74,
,ELGIRUBCO,40.95,40.95,0.0,0.0,-,-,-,90.5,36.0,
,AARNAV,25.31,25.31,0.0,0.0,-,-,-,29.0,22.99,
,BFUTILITIE,441.65,441.65,0.0,0.0,-,-,-,898.7,435.0,
,MEESHO,141.37,141.37,0.0,0.0,-,-,-,254.4,135.44,
,RADIANTCMS,37.56,37.56,0.0,0.0,-,-,-,73.8,34.73,
,PARASPETRO,2.08,2.08,0.0,0.0,-,-,-,3.23,1.53,
,PWL,84.29,84.29,0.0,0.0,-,-,-,161.99,77.72,
,MANGALAM,31.92,31.92,0.0,0.0,-,-,-,95.0,22.8,
,BFINVEST,374.3,374.3,0.0,0.0,-,-,-,562.45,360.5,
,HCL-INSYS,12.14,12.14,0.0,0.0,-,-,-,24.5,11.75,
,DELPHIFX,11.15,11.15,0.0,0.0,-,-,-,18.25,6.8,
,NEPHROPLUS,560.0,560.0,0.0,0.0,-,-,-,616.0,446.0,
,FLUOROCHEM,3185.3,3185.3,0.0,0.0,-,-,-,4083.55,2916.6,
,ACETEC,136.05,136.05,0.0,0.0,-,-,-,136.05,111.8,
,DJML,81.72,81.72,0.0,0.0,-,-,-,152.99,52.0,
,ALGOQUANT,55.47,55.47,0.0,0.0,-,-,-,71.01,49.54,
,WOCKPHARMA,1298.6,1298.5,-0.1,-0.01,-,-,-,1868.8,1154.4,
,DHARMAJ,245.32,245.3,-0.02,-0.01,-,-,-,386.5,175.0,
,J&KBANK,127.51,127.5,-0.01,-0.01,-,-,-,128.48,87.3,
,NETWEB,3226.2,3226.0,-0.2,-0.01,-,-,-,4479.0,1251.55,
,HONDAPOWER,2029.2,2029.0,-0.2,-0.01,-,-,-,3256.0,1815.0,
,MEGASTAR,236.02,236.0,-0.02,-0.01,-,-,-,305.0,187.61,
,NAVKARCORP,88.32,88.3,-0.02,-0.02,-,-,-,140.2,80.54,
,PNBHOUSING,780.15,780.0,-0.15,-0.02,-,-,-,1141.9,729.6,
,BAJAJ-AUTO,9162.0,9160.0,-2.0,-0.02,-,-,-,10187.0,7089.35,
,TVSMOTOR,3422.6,3422.0,-0.6,-0.02,-,-,-,3970.0,2221.1,
,NMDC,80.87,80.85,-0.02,-0.02,-,-,-,86.72,59.53,
,SUPREMEIND,4043.7,4043.0,-0.7,-0.02,-,-,-,4739.0,3095.0,
,ROTO,60.21,60.2,-0.01,-0.02,-,-,-,109.5,52.29,
,MARICO,757.15,757.0,-0.15,-0.02,-,-,-,813.5,597.95,
,PARADEEP,112.62,112.6,-0.02,-0.02,-,-,-,234.39,89.73,
,ONEPOINT,45.56,45.55,-0.01,-0.02,-,-,-,69.99,41.01,
,CDSL,1210.8,1210.5,-0.3,-0.02,-,-,-,1828.9,1047.45,
,SHRIPISTON,2976.6,2976.0,-0.6,-0.02,-,-,-,3407.2,1662.55,
,VSTTILLERS,5274.0,5273.0,-1.0,-0.02,-,-,-,6374.0,3170.95,
,VIDYAWIRES,55.9,55.89,-0.01,-0.02,-,-,-,59.47,42.51,
,CAPINVIT,68.53,68.51,-0.02,-0.03,-,-,-,94.48,68.0,
,TATAINVEST,629.2,629.0,-0.2,-0.03,-,-,-,1184.7,573.5,
,SWARAJENG,3481.2,3480.0,-1.2,-0.03,-,-,-,4720.0,2951.4,
,IREDA,117.03,117.0,-0.03,-0.03,-,-,-,186.58,112.07,
,AFFLE,1377.8,1377.4,-0.4,-0.03,-,-,-,2185.9,1246.0,
,ENRIN,2866.9,2866.0,-0.9,-0.03,-,-,-,3625.0,2115.0,
,HYUNDAI,1994.7,1994.0,-0.7,-0.04,-,-,-,2890.0,1541.7,
,UCOBANK,26.56,26.55,-0.01,-0.04,-,-,-,38.76,25.81,
,PNGJL,568.2,568.0,-0.2,-0.04,-,-,-,701.4,473.8,
,360ONE,1043.4,1043.0,-0.4,-0.04,-,-,-,1273.8,790.5,
,ANDHRSUGAR,72.28,72.25,-0.03,-0.04,-,-,-,86.7,65.1,
,TATACHEM,683.15,682.85,-0.3,-0.04,-,-,-,1026.65,675.6,
,JYOTHYLAB,229.1,229.0,-0.1,-0.04,-,-,-,399.9,228.4,
,KOTHARIPET,112.05,112.0,-0.05,-0.04,-,-,-,191.95,103.98,
,AEROENTER,71.03,71.0,-0.03,-0.04,-,-,-,113.9,69.33,
,SYSTMTXC,67.63,67.6,-0.03,-0.04,-,-,-,177.9,67.07,
,CORONA,1588.6,1588.0,-0.6,-0.04,-,-,-,1699.0,1336.6,
,ICICIAMC,2936.3,2935.0,-1.3,-0.04,-,-,-,3193.0,2530.0,
,STYLAMIND,2215.1,2214.0,-1.1,-0.05,-,-,-,2430.0,1510.0,
,ADANIENT,2002.0,2001.0,-1.0,-0.05,-,-,-,2616.5,1848.0,
,GIPCL,136.97,136.9,-0.07,-0.05,-,-,-,223.9,129.5,
,INDOCO,200.01,199.9,-0.11,-0.05,-,-,-,349.8,188.06,
,DELHIVERY,408.2,408.0,-0.2,-0.05,-,-,-,490.0,236.53,
,IPCALAB,1560.8,1560.0,-0.8,-0.05,-,-,-,1595.0,1168.2,
,GEOJITFSL,59.53,59.5,-0.03,-0.05,-,-,-,94.79,57.58,
,LYKALABS,54.93,54.9,-0.03,-0.05,-,-,-,128.78,54.35,
,MICEL,35.02,35.0,-0.02,-0.06,-,-,-,82.97,33.01,
,AEGISVOPAK,193.47,193.35,-0.12,-0.06,-,-,-,302.0,184.2,
,GMBREW,1000.65,1000.05,-0.6,-0.06,-,-,-,1328.8,594.0,
,BHARTIARTL,1801.3,1800.0,-1.3,-0.07,-,-,-,2174.5,1612.2,
,JGCHEM,343.15,342.9,-0.25,-0.07,-,-,-,558.0,280.45,
,SENORES,736.55,736.0,-0.55,-0.07,-,-,-,876.5,440.3,
,DELTACORP,55.34,55.3,-0.04,-0.07,-,-,-,98.8,54.75,
,DYCL,284.3,284.1,-0.2,-0.07,-,-,-,526.75,227.5,
,MOSCHIP,171.64,171.51,-0.13,-0.08,-,-,-,288.45,129.98,
,KOTAKBANK,375.3,375.0,-0.3,-0.08,-,-,-,460.38,374.05,
,AIIL,449.45,449.1,-0.35,-0.08,-,-,-,683.0,280.98,
,ASHOKA,121.05,120.95,-0.1,-0.08,-,-,-,230.8,114.35,
,DWARKESH,38.83,38.8,-0.03,-0.08,-,-,-,52.6,32.13,
,JIOFIN,242.2,242.0,-0.2,-0.08,-,-,-,338.6,203.1,
,WAAREEINDO,328.25,328.0,-0.25,-0.08,-,-,-,725.0,165.07,
,TENNIND,535.45,535.0,-0.45,-0.08,-,-,-,602.0,438.05,
,MCL,64.54,64.49,-0.05,-0.08,-,-,-,93.2,42.0,
,JBMA,514.05,513.6,-0.45,-0.09,-,-,-,790.0,489.8,
,DAMCAPITAL,131.12,131.0,-0.12,-0.09,-,-,-,303.5,127.0,
,UNIECOM,99.34,99.25,-0.09,-0.09,-,-,-,155.8,94.05,
,IEX,122.76,122.65,-0.11,-0.09,-,-,-,215.4,117.5,
,NAVINFLUOR,6220.0,6214.5,-5.5,-0.09,-,-,-,6965.0,3670.6,
,LGEINDIA,1577.0,1575.6,-1.4,-0.09,-,-,-,1749.0,1325.5,
,OMNI,220.35,220.15,-0.2,-0.09,-,-,-,224.7,176.25,
,PPLPHARMA,145.54,145.4,-0.14,-0.1,-,-,-,240.95,144.96,
,KEC,560.55,560.0,-0.55,-0.1,-,-,-,947.0,520.2,
,AMBUJACEM,446.45,446.0,-0.45,-0.1,-,-,-,624.95,443.25,
,NDTV,77.13,77.05,-0.08,-0.1,-,-,-,141.23,75.21,
,ARE&M,789.8,789.0,-0.8,-0.1,-,-,-,1109.0,776.95,
,MEDICO,38.94,38.9,-0.04,-0.1,-,-,-,62.48,37.18,
,LOTUSDEV,124.12,124.0,-0.12,-0.1,-,-,-,218.49,112.49,
,INDGN,443.45,443.0,-0.45,-0.1,-,-,-,632.9,439.4,
,TATACAP,318.6,318.25,-0.35,-0.11,-,-,-,367.3,309.0,
,MANBA,115.59,115.45,-0.14,-0.12,-,-,-,159.5,110.0,
,DCW,42.65,42.6,-0.05,-0.12,-,-,-,90.36,40.16,
,ORIENTBELL,280.45,280.1,-0.35,-0.12,-,-,-,338.2,216.0,
,ETHOSLTD,2107.4,2104.9,-2.5,-0.12,-,-,-,3245.9,1923.08,
,SOTL,340.75,340.35,-0.4,-0.12,-,-,-,477.65,332.55,
,LENSKART,504.55,503.95,-0.6,-0.12,-,-,-,541.8,356.1,
,E2E,2342.7,2340.0,-2.7,-0.12,-,-,-,3894.7,1710.05,
,LT,3719.5,3714.5,-5.0,-0.13,-,-,-,4440.0,2965.3,
,MUKKA,22.43,22.4,-0.03,-0.13,-,-,-,36.73,20.16,
,PTL,37.45,37.4,-0.05,-0.13,-,-,-,47.4,36.0,
,UFLEX,450.6,450.0,-0.6,-0.13,-,-,-,685.6,443.0,
,FABTECH,149.89,149.7,-0.19,-0.13,-,-,-,262.8,134.42,
,GVPIL,465.6,465.0,-0.6,-0.13,-,-,-,552.05,205.25,
,VENKEYS,1256.8,1255.0,-1.8,-0.14,-,-,-,1768.0,1246.4,
,MOBIKWIK,181.27,181.0,-0.27,-0.15,-,-,-,354.4,174.5,
,KMEW,1568.4,1566.0,-2.4,-0.15,-,-,-,1959.3,632.03,
,ESCORTS,3229.8,3225.0,-4.8,-0.15,-,-,-,4180.0,2776.4,
,GANESHBE,78.18,78.06,-0.12,-0.15,-,-,-,133.8,68.4,
,SOBHA,1340.3,1338.3,-2.0,-0.15,-,-,-,1732.5,1075.3,
,KPRMILL,909.4,908.0,-1.4,-0.15,-,-,-,1389.0,796.1,
,ADVENZYMES,290.45,290.0,-0.45,-0.15,-,-,-,366.25,259.0,
,MBEL,293.45,293.0,-0.45,-0.15,-,-,-,535.9,281.0,
,EMBDL,54.08,54.0,-0.08,-0.15,-,-,-,128.0,54.0,
,GKSL,106.66,106.5,-0.16,-0.15,-,-,-,123.0,98.36,
,3MINDIA,34305.0,34250.0,-55.0,-0.16,-,-,-,38030.0,26820.1,
,TATVA,1158.6,1156.6,-2.0,-0.17,-,-,-,1610.0,621.0,
,GVT&D,3749.8,3743.3,-6.5,-0.17,-,-,-,3999.0,1254.0,
,NCC,149.5,149.25,-0.25,-0.17,-,-,-,242.15,135.0,
,WONDERLA,523.9,523.0,-0.9,-0.17,-,-,-,714.95,455.0,
,HINDZINC,583.0,582.0,-1.0,-0.17,-,-,-,733.0,388.55,
,IMFA,1263.1,1261.0,-2.1,-0.17,-,-,-,1510.6,549.8,
,VERANDA,151.27,151.0,-0.27,-0.18,-,-,-,272.5,149.6,
,TI,452.8,452.0,-0.8,-0.18,-,-,-,549.7,199.53,
,AFCONS,278.5,278.0,-0.5,-0.18,-,-,-,498.7,271.5,
,INDUSINDBK,831.35,829.85,-1.5,-0.18,-,-,-,968.85,606.0,
,WIPRO,202.51,202.15,-0.36,-0.18,-,-,-,277.7,193.03,
,CUMMINSIND,4753.6,4745.2,-8.4,-0.18,-,-,-,4987.0,2580.0,
,VOLTAMP,8736.0,8720.0,-16.0,-0.18,-,-,-,10088.0,6099.95,
,SUPRAJIT,410.85,410.05,-0.8,-0.19,-,-,-,517.65,350.0,
,RAJRATAN,386.45,385.7,-0.75,-0.19,-,-,-,540.0,260.0,
,YATRA,104.71,104.51,-0.2,-0.19,-,-,-,202.0,65.51,
,NESCO,1066.0,1064.0,-2.0,-0.19,-,-,-,1638.9,866.25,
,DEN,27.01,26.96,-0.05,-0.19,-,-,-,42.6,26.2,
,RICOAUTO,111.81,111.6,-0.21,-0.19,-,-,-,142.4,54.0,
,BBOX,522.15,521.1,-1.05,-0.2,-,-,-,613.8,320.85,
,COFFEEDAY,25.45,25.4,-0.05,-0.2,-,-,-,51.46,23.32,
,KCP,147.29,147.0,-0.29,-0.2,-,-,-,230.0,145.2,
,AADHARHFC,475.95,475.0,-0.95,-0.2,-,-,-,547.8,399.35,
,ASAL,430.1,429.25,-0.85,-0.2,-,-,-,654.65,393.6,
,HATHWAY,10.04,10.02,-0.02,-0.2,-,-,-,17.98,9.88,
,POWERGRID,303.6,303.0,-0.6,-0.2,-,-,-,322.0,250.0,
,RHETAN,25.05,25.0,-0.05,-0.2,-,-,-,27.69,20.32,
,YESBANK,19.31,19.27,-0.04,-0.21,-,-,-,24.3,16.02,
,DHANBANK,23.31,23.26,-0.05,-0.21,-,-,-,33.5,21.6,
,UTIAMC,980.05,978.0,-2.05,-0.21,-,-,-,1494.8,919.85,
,DATAPATTNS,3332.0,3325.0,-7.0,-0.21,-,-,-,3609.5,1392.25,
,ACI,565.85,564.65,-1.2,-0.21,-,-,-,727.6,480.0,
,KAUSHALYA,821.85,820.05,-1.8,-0.22,-,-,-,1841.9,800.0,
,LALPATHLAB,1377.0,1374.0,-3.0,-0.22,-,-,-,1770.0,1175.78,
,SCHAEFFLER,3988.6,3980.0,-8.6,-0.22,-,-,-,4467.7,2823.0,
,HEG,519.15,518.0,-1.15,-0.22,-,-,-,672.0,394.3,
,ENDURANCE,2460.5,2455.0,-5.5,-0.22,-,-,-,3079.9,1700.0,
,POLYPLEX,821.85,820.0,-1.85,-0.23,-,-,-,1398.0,774.0,
,BEL,453.55,452.5,-1.05,-0.23,-,-,-,473.45,256.2,
,IRBINVIT,60.14,60.0,-0.14,-0.23,-,-,-,65.25,49.91,
,ALOKINDS,13.21,13.18,-0.03,-0.23,-,-,-,23.5,12.88,
,LGBBROSLTD,1858.5,1854.0,-4.5,-0.24,-,-,-,2048.0,1081.0,
,ACC,1433.4,1430.0,-3.4,-0.24,-,-,-,2119.9,1425.2,
,MAMATA,388.65,387.7,-0.95,-0.24,-,-,-,541.0,311.55,
,VSTIND,221.74,221.2,-0.54,-0.24,-,-,-,334.65,214.27,
,EPIGRAL,882.1,880.0,-2.1,-0.24,-,-,-,2114.0,822.5,
,ADANIPORTS,1391.5,1388.0,-3.5,-0.25,-,-,-,1584.0,1041.5,
,ZENSARTECH,564.4,563.0,-1.4,-0.25,-,-,-,894.0,528.25,
,MRPL,191.44,190.97,-0.47,-0.25,-,-,-,212.31,110.71,
,SOMANYCERA,376.7,375.75,-0.95,-0.25,-,-,-,624.0,332.0,
,RADICO,2857.5,2850.0,-7.5,-0.26,-,-,-,3591.9,2147.6,
,GPIL,264.7,264.0,-0.7,-0.26,-,-,-,290.0,167.54,
,INDUSTOWER,442.05,440.9,-1.15,-0.26,-,-,-,481.5,312.55,
,NFL,72.99,72.8,-0.19,-0.26,-,-,-,112.2,69.4,
,KALYANIFRG,571.45,569.95,-1.5,-0.26,-,-,-,890.0,495.0,
,PARAS,668.8,667.0,-1.8,-0.27,-,-,-,972.5,410.65,
,MCX,2526.1,2519.4,-6.7,-0.27,-,-,-,2705.0,907.0,
,RML,806.15,804.0,-2.15,-0.27,-,-,-,1049.0,578.5,
,BAJAJFINSV,1770.8,1766.0,-4.8,-0.27,-,-,-,2195.0,1763.1,
,KITEX,169.45,169.0,-0.45,-0.27,-,-,-,324.42,138.2,
,SHILCTECH,3830.4,3820.0,-10.4,-0.27,-,-,-,4350.0,2852.5,
,DMART,3953.6,3943.0,-10.6,-0.27,-,-,-,4949.5,3529.0,
,SWIGGY,280.9,280.1,-0.8,-0.28,-,-,-,474.0,271.1,
,IKS,1373.9,1370.0,-3.9,-0.28,-,-,-,1876.0,1236.8,
,MANALIPETC,49.14,49.0,-0.14,-0.28,-,-,-,81.1,48.42,
,PNBGILTS,74.01,73.8,-0.21,-0.28,-,-,-,119.8,72.81,
,SKIPPER,351.35,350.35,-1.0,-0.28,-,-,-,588.0,327.05,
,BASF,3469.7,3460.0,-9.7,-0.28,-,-,-,5424.0,3292.0,
,BLKASHYAP,50.89,50.75,-0.14,-0.28,-,-,-,80.01,45.0,
,SUPREMEPWR,160.1,159.65,-0.45,-0.28,-,-,-,240.05,100.0,
,TEXRAIL,95.78,95.5,-0.28,-0.29,-,-,-,189.0,93.75,
,SAMMAANCAP,142.42,142.0,-0.42,-0.29,-,-,-,192.95,97.61,
,NILKAMAL,1293.8,1290.0,-3.8,-0.29,-,-,-,1865.0,1290.0,
,RBA,61.18,61.0,-0.18,-0.29,-,-,-,89.5,59.4,
,GUJTHEM,297.85,297.0,-0.85,-0.29,-,-,-,479.0,222.05,
,CRAMC,243.1,242.4,-0.7,-0.29,-,-,-,353.4,214.2,
,BAJAJHFL,83.68,83.43,-0.25,-0.3,-,-,-,136.96,81.51,
,ZODIAC,242.41,241.69,-0.72,-0.3,-,-,-,560.0,214.75,
,COCHINSHIP,1444.3,1440.0,-4.3,-0.3,-,-,-,2545.0,1224.55,
,BUTTERFLY,697.1,695.0,-2.1,-0.3,-,-,-,829.9,551.0,
,PIRAMALFIN,1787.3,1782.0,-5.3,-0.3,-,-,-,1954.5,1260.0,
,GMRAIRPORT,93.29,93.0,-0.29,-0.31,-,-,-,110.36,72.57,
,MAHABANK,67.11,66.9,-0.21,-0.31,-,-,-,77.0,42.0,
,LUPIN,2357.3,2350.0,-7.3,-0.31,-,-,-,2377.6,1795.2,
,ARFIN,80.26,80.0,-0.26,-0.32,-,-,-,84.9,31.43,
,TDPOWERSYS,812.6,810.0,-2.6,-0.32,-,-,-,933.0,318.25,
,GOODLUCK,1054.4,1051.0,-3.4,-0.32,-,-,-,1349.0,592.2,
,NUVAMA,1183.8,1180.0,-3.8,-0.32,-,-,-,1701.7,947.09,
,ALLDIGI,806.7,804.0,-2.7,-0.33,-,-,-,1084.0,752.8,
,LUMAXTECH,1392.5,1387.9,-4.6,-0.33,-,-,-,1823.9,449.0,
,SANGHVIMOV,241.85,241.05,-0.8,-0.33,-,-,-,411.9,217.82,
,MOL,45.17,45.02,-0.15,-0.33,-,-,-,106.3,43.45,
,ZYDUSWELL,388.9,387.6,-1.3,-0.33,-,-,-,530.9,311.05,
,DICIND,536.85,535.0,-1.85,-0.34,-,-,-,742.6,450.5,
,BBL,2408.1,2400.0,-8.1,-0.34,-,-,-,3475.0,2244.0,
,AKZOINDIA,2916.9,2906.9,-10.0,-0.34,-,-,-,3915.5,2658.7,
,BPL,51.18,51.0,-0.18,-0.35,-,-,-,100.3,49.2,
,EIMCOELECO,1535.4,1530.0,-5.4,-0.35,-,-,-,3019.9,1301.0,
,ASTRAL,1696.0,1690.0,-6.0,-0.35,-,-,-,1768.7,1232.3,
,GANESHHOU,634.65,632.45,-2.2,-0.35,-,-,-,1169.0,620.0,
,VISHNU,503.75,502.0,-1.75,-0.35,-,-,-,595.8,336.0,
,BHARATRAS,1339.8,1335.0,-4.8,-0.36,-,-,-,3000.0,1320.2,
,POCL,1104.0,1100.0,-4.0,-0.36,-,-,-,1578.0,490.0,
,MANKIND,2207.9,2200.0,-7.9,-0.36,-,-,-,2716.5,2012.3,
,FUSION,167.6,167.0,-0.6,-0.36,-,-,-,211.8,123.96,
,HOMEFIRST,1002.6,999.0,-3.6,-0.36,-,-,-,1519.0,878.4,
,BEPL,83.81,83.5,-0.31,-0.37,-,-,-,123.8,74.2,
,WALCHANNAG,160.59,160.0,-0.59,-0.37,-,-,-,277.75,141.6,
,NAUKRI,955.4,951.8,-3.6,-0.38,-,-,-,1550.0,937.9,
,LXCHEM,122.46,122.0,-0.46,-0.38,-,-,-,241.0,110.15,
,ASHIMASYN,15.06,15.0,-0.06,-0.4,-,-,-,35.8,12.05,
,BAJAJHLDNG,9789.0,9750.0,-39.0,-0.4,-,-,-,14763.0,9760.0,
,MSUMI,40.06,39.9,-0.16,-0.4,-,-,-,53.59,31.33,
,SANDUMA,199.79,199.0,-0.79,-0.4,-,-,-,273.0,125.77,
,IRB,42.57,42.4,-0.17,-0.4,-,-,-,54.28,38.3,
,WSTCSTPAPR,397.6,396.0,-1.6,-0.4,-,-,-,583.0,375.0,
,DIVISLAB,6282.0,6257.0,-25.0,-0.4,-,-,-,7071.5,4955.0,
,ALKEM,5444.0,5422.0,-22.0,-0.4,-,-,-,5933.5,4611.85,
,RAJOOENG,60.25,60.0,-0.25,-0.41,-,-,-,145.88,57.76,
,HBLENGINE,689.8,687.0,-2.8,-0.41,-,-,-,1122.0,405.0,
,JSWINFRA,258.95,257.9,-1.05,-0.41,-,-,-,349.0,243.0,
,PGEL,532.2,530.0,-2.2,-0.41,-,-,-,1008.0,465.0,
,ORIENTPPR,16.87,16.8,-0.07,-0.41,-,-,-,31.5,16.1,
,PILANIINVS,4441.0,4422.5,-18.5,-0.42,-,-,-,5980.0,3484.05,
,PIIND,2952.4,2940.1,-12.3,-0.42,-,-,-,4330.0,2940.1,
,RAYMONDREL,389.0,387.35,-1.65,-0.42,-,-,-,1050.0,360.75,
,PARACABLES,33.14,33.0,-0.14,-0.42,-,-,-,62.75,31.05,
,GANECOS,768.2,765.0,-3.2,-0.42,-,-,-,1742.3,653.55,
,SAIL,153.65,153.0,-0.65,-0.42,-,-,-,168.21,101.13,
,RAINBOW,1174.0,1169.1,-4.9,-0.42,-,-,-,1645.7,1090.0,
,SHAKTIPUMP,526.25,524.0,-2.25,-0.43,-,-,-,1049.0,460.0,
,RBLBANK,299.8,298.5,-1.3,-0.43,-,-,-,340.4,153.85,
,RELIANCE,1392.2,1386.2,-6.0,-0.43,-,-,-,1611.8,1114.85,
,HINDALCO,969.75,965.55,-4.2,-0.43,-,-,-,1029.8,546.45,
,FINPIPE,188.31,187.5,-0.81,-0.43,-,-,-,238.0,153.92,
,CANBK,140.34,139.74,-0.6,-0.43,-,-,-,162.89,81.55,
,KIRLOSIND,2811.4,2799.0,-12.4,-0.44,-,-,-,4726.0,2739.1,
,CENTRALBK,36.61,36.45,-0.16,-0.44,-,-,-,47.3,32.75,
,DIACABS,136.82,136.2,-0.62,-0.45,-,-,-,183.5,86.2,
,SURAKSHA,257.25,256.1,-1.15,-0.45,-,-,-,352.5,240.0,
,UPL,629.05,626.2,-2.85,-0.45,-,-,-,812.2,588.85,
,CAMS,663.75,660.75,-3.0,-0.45,-,-,-,875.0,624.15,
,JTLIND,54.25,54.0,-0.25,-0.46,-,-,-,85.99,50.16,
,INTELLECT,667.1,664.0,-3.1,-0.46,-,-,-,1255.0,577.4,
,VALIANTORG,210.98,210.0,-0.98,-0.46,-,-,-,507.8,200.8,
,RPPINFRA,70.33,70.0,-0.33,-0.47,-,-,-,179.4,67.1,
,BHEL,267.85,266.6,-1.25,-0.47,-,-,-,305.9,188.75,
,BESTAGRO,14.87,14.8,-0.07,-0.47,-,-,-,35.58,14.69,
,JAYNECOIND,75.36,75.0,-0.36,-0.48,-,-,-,94.3,28.8,
,SWANCORP,361.75,360.0,-1.75,-0.48,-,-,-,526.7,327.55,
,PACEDIGITK,159.22,158.45,-0.77,-0.48,-,-,-,231.95,153.05,
,ABREL,1189.8,1184.0,-5.8,-0.49,-,-,-,2537.9,1141.6,
,VSSL,243.15,241.95,-1.2,-0.49,-,-,-,324.0,178.0,
,ELECTCAST,79.19,78.8,-0.39,-0.49,-,-,-,138.75,60.15,
,SOUTHBANK,38.99,38.8,-0.19,-0.49,-,-,-,46.84,22.3,
,CUB,243.85,242.65,-1.2,-0.49,-,-,-,324.1,142.91,
,KIOCL,318.9,317.35,-1.55,-0.49,-,-,-,634.55,209.84,
,MEDPLUS,844.1,840.0,-4.1,-0.49,-,-,-,1045.3,678.05,
,NETWORK18,32.87,32.71,-0.16,-0.49,-,-,-,65.29,31.22,
,GRASIM,2673.1,2660.0,-13.1,-0.49,-,-,-,2979.0,2363.3,
,PFIZER,4695.0,4672.0,-23.0,-0.49,-,-,-,5993.0,3701.0,
,RAYMOND,377.95,376.1,-1.85,-0.49,-,-,-,1658.0,361.0,
,SHREDIGCEM,63.31,63.0,-0.31,-0.49,-,-,-,107.7,61.55,
,TNPETRO,83.55,83.14,-0.41,-0.49,-,-,-,129.89,63.66,
,USK,24.62,24.5,-0.12,-0.49,-,-,-,44.45,19.2,
,CIPLA,1324.3,1317.8,-6.5,-0.49,-,-,-,1673.0,1281.7,
,STCINDIA,109.54,109.0,-0.54,-0.49,-,-,-,168.45,104.11,
,BSL,125.56,124.94,-0.62,-0.49,-,-,-,208.0,120.1,
,CLSEL,249.55,248.3,-1.25,-0.5,-,-,-,395.75,228.8,
,HNDFDS,480.4,478.0,-2.4,-0.5,-,-,-,608.0,421.5,
,PENIND,144.27,143.55,-0.72,-0.5,-,-,-,279.9,133.38,
,SANSTAR,86.6,86.17,-0.43,-0.5,-,-,-,107.29,79.0,
,ROSSARI,453.25,451.0,-2.25,-0.5,-,-,-,766.0,451.25,
,WINDLAS,737.0,733.3,-3.7,-0.5,-,-,-,1140.0,706.9,
,BANKINDIA,154.78,154.0,-0.78,-0.5,-,-,-,178.36,93.19,
,BIRLACABLE,137.93,137.24,-0.69,-0.5,-,-,-,215.2,123.0,
,TEGA,1803.8,1794.8,-9.0,-0.5,-,-,-,2125.0,1200.05,
,BOROLTD,241.41,240.21,-1.2,-0.5,-,-,-,397.95,214.5,
,GHCL,463.4,461.1,-2.3,-0.5,-,-,-,667.2,444.9,
,RCF,120.67,120.07,-0.6,-0.5,-,-,-,166.5,108.46,
,CHALET,774.55,770.7,-3.85,-0.5,-,-,-,1082.0,727.0,
,GLENMARK,2256.4,2245.2,-11.2,-0.5,-,-,-,2297.9,1336.0,
,MPSLTD,1471.9,1464.5,-7.4,-0.5,-,-,-,3079.0,1336.1,
,NEOGEN,1446.4,1439.2,-7.2,-0.5,-,-,-,1805.7,966.7,
,KSCL,800.1,796.1,-4.0,-0.5,-,-,-,1602.0,705.1,
,HATSUN,945.95,941.2,-4.75,-0.5,-,-,-,1179.0,855.3,
,AGARIND,444.25,442.05,-2.2,-0.5,-,-,-,1103.0,430.0,
,KSHINTL,412.65,410.6,-2.05,-0.5,-,-,-,420.0,330.0,
,AURIONPRO,921.45,916.85,-4.6,-0.5,-,-,-,1665.9,830.0,
,KEEPLEARN,1.96,1.95,-0.01,-0.51,-,-,-,4.74,1.71,
,SATIA,62.32,62.0,-0.32,-0.51,-,-,-,97.5,58.0,
,LTFOODS,390.0,388.0,-2.0,-0.51,-,-,-,518.55,288.25,
,EIHAHOTELS,315.75,314.15,-1.6,-0.51,-,-,-,434.9,310.05,
,JUBLINGREA,577.95,575.0,-2.95,-0.51,-,-,-,851.8,535.2,
,WCIL,94.49,94.0,-0.49,-0.52,-,-,-,147.29,65.1,
,FORTIS,859.5,855.0,-4.5,-0.52,-,-,-,1104.3,595.6,
,PRECWIRE,319.65,318.0,-1.65,-0.52,-,-,-,356.1,118.0,
,ASKAUTOLTD,406.4,404.3,-2.1,-0.52,-,-,-,578.5,372.55,
,HITECH,80.52,80.1,-0.42,-0.52,-,-,-,127.5,70.7,
,PNB,116.61,116.0,-0.61,-0.52,-,-,-,135.15,85.7,
,PVRINOX,996.3,991.0,-5.3,-0.53,-,-,-,1249.7,830.0,
,VIRINCHI,19.0,18.9,-0.1,-0.53,-,-,-,32.69,18.2,
,KAVDEFENCE,62.43,62.1,-0.33,-0.53,-,-,-,162.87,41.14,
,ETERNAL,221.17,220.0,-1.17,-0.53,-,-,-,368.45,194.8,
,ITCHOTELS,157.96,157.1,-0.86,-0.54,-,-,-,261.62,156.6,
,INFY,1265.8,1259.0,-6.8,-0.54,-,-,-,1728.0,1258.0,
,KRN,895.9,891.0,-4.9,-0.55,-,-,-,1031.8,589.8,
,M&MFIN,346.3,344.4,-1.9,-0.55,-,-,-,412.2,231.02,
,SEYAIND,9.05,9.0,-0.05,-0.55,-,-,-,23.99,8.54,
,BATAINDIA,713.95,710.0,-3.95,-0.55,-,-,-,1300.7,707.0,
,COSMOFIRST,661.15,657.5,-3.65,-0.55,-,-,-,1307.2,525.7,
,OLECTRA,903.75,898.75,-5.0,-0.55,-,-,-,1714.2,874.1,
,NBCC,86.58,86.1,-0.48,-0.55,-,-,-,130.7,75.0,
,KANSAINER,188.06,187.01,-1.05,-0.56,-,-,-,271.18,180.25,
,BANCOINDIA,575.25,572.0,-3.25,-0.56,-,-,-,879.8,305.0,
,EIHOTEL,331.8,329.95,-1.85,-0.56,-,-,-,434.8,300.5,
,HCC,16.09,16.0,-0.09,-0.56,-,-,-,31.42,15.15,
,TRENT,3533.6,3513.6,-20.0,-0.57,-,-,-,6261.0,3502.5,
,KARURVYSYA,295.7,294.0,-1.7,-0.57,-,-,-,343.45,154.63,
,BLISSGVS,209.2,208.0,-1.2,-0.57,-,-,-,243.9,108.12,
,TATACOMM,1449.3,1441.0,-8.3,-0.57,-,-,-,2004.0,1401.9,
,BANDHANBNK,178.01,177.0,-1.01,-0.57,-,-,-,192.48,134.25,
,PERSISTENT,4714.4,4687.0,-27.4,-0.58,-,-,-,6599.0,4148.95,
,DIXON,10803.0,10740.0,-63.0,-0.58,-,-,-,18471.0,9630.0,
,NIVABUPA,70.06,69.65,-0.41,-0.59,-,-,-,95.21,67.85,
,AKUMS,498.95,496.0,-2.95,-0.59,-,-,-,622.95,405.0,
,HCG,560.3,557.0,-3.3,-0.59,-,-,-,796.68,486.14,
,LANCORHOL,20.47,20.35,-0.12,-0.59,-,-,-,33.8,19.01,
,KPITTECH,671.25,667.25,-4.0,-0.6,-,-,-,1434.5,665.65,
,JINDALPHOT,1237.4,1230.0,-7.4,-0.6,-,-,-,1616.6,595.25,
,ECOSMOBLTY,134.87,134.05,-0.82,-0.61,-,-,-,358.4,125.0,
,ICICIGI,1855.3,1844.0,-11.3,-0.61,-,-,-,2068.7,1658.0,
,RUPA,128.99,128.2,-0.79,-0.61,-,-,-,232.9,127.78,
,KIMS,664.4,660.35,-4.05,-0.61,-,-,-,798.4,519.05,
,VGUARD,318.7,316.75,-1.95,-0.61,-,-,-,409.75,290.0,
,DSSL,907.6,902.0,-5.6,-0.62,-,-,-,1215.0,820.55,
,APARINDS,9456.0,9397.0,-59.0,-0.62,-,-,-,11648.0,4308.05,
,HDBFS,650.1,646.1,-4.0,-0.62,-,-,-,891.9,640.3,
,IDEA,9.56,9.5,-0.06,-0.63,-,-,-,12.8,6.12,
,COASTCORP,43.1,42.83,-0.27,-0.63,-,-,-,53.99,30.01,
,DUCON,3.12,3.1,-0.02,-0.64,-,-,-,7.18,2.67,
,AGI,540.45,537.0,-3.45,-0.64,-,-,-,1009.0,478.2,
,HEIDELBERG,156.23,155.23,-1.0,-0.64,-,-,-,224.8,150.6,
,TERASOFT,343.2,341.0,-2.2,-0.64,-,-,-,598.0,163.18,
,VIKRAMSOLR,184.78,183.6,-1.18,-0.64,-,-,-,407.95,162.1,
,VOLTAS,1449.4,1440.0,-9.4,-0.65,-,-,-,1582.5,1190.0,
,STARHEALTH,462.3,459.3,-3.0,-0.65,-,-,-,534.0,327.3,
,NIACL,137.89,137.0,-0.89,-0.65,-,-,-,214.74,131.9,
,EXIDEIND,310.0,308.0,-2.0,-0.65,-,-,-,431.0,302.75,
,BORORENEW,422.15,419.4,-2.75,-0.65,-,-,-,721.0,401.0,
,MSPL,31.71,31.5,-0.21,-0.66,-,-,-,41.0,23.71,
,SENCO,298.05,296.05,-2.0,-0.67,-,-,-,405.7,227.4,
,JAINREC,428.55,425.7,-2.85,-0.67,-,-,-,461.0,247.57,
,UNITECH,4.49,4.46,-0.03,-0.67,-,-,-,10.5,4.12,
,LICHSGFIN,498.5,495.1,-3.4,-0.68,-,-,-,646.5,488.1,
,MEIL,235.27,233.68,-1.59,-0.68,-,-,-,573.7,222.6,
,CLEANMAX,901.1,895.0,-6.1,-0.68,-,-,-,960.0,768.0,
,ABBOTINDIA,26685.0,26500.0,-185.0,-0.69,-,-,-,37000.0,26000.0,
,SAGARDEEP,22.82,22.66,-0.16,-0.7,-,-,-,36.0,22.27,
,OBEROIRLTY,1470.3,1460.0,-10.3,-0.7,-,-,-,2005.0,1425.5,
,BANKA,51.38,51.02,-0.36,-0.7,-,-,-,97.88,50.15,
,JSWCEMENT,119.84,119.0,-0.84,-0.7,-,-,-,162.15,106.65,
,WAAREEENER,2739.4,2720.0,-19.4,-0.71,-,-,-,3865.0,1863.0,
,AMBER,6929.5,6880.0,-49.5,-0.71,-,-,-,8626.0,5400.5,
,COFORGE,1107.9,1100.0,-7.9,-0.71,-,-,-,1994.0,1078.5,
,FINEORG,4335.7,4305.0,-30.7,-0.71,-,-,-,5494.0,3600.15,
,SPARC,122.39,121.51,-0.88,-0.72,-,-,-,204.4,116.45,
,ROSSTECH,718.2,713.0,-5.2,-0.72,-,-,-,840.0,231.15,
,VPRPL,40.29,40.0,-0.29,-0.72,-,-,-,195.0,38.01,
,AHLUCONT,762.5,757.0,-5.5,-0.72,-,-,-,1125.0,711.65,
,POONAWALLA,410.95,408.0,-2.95,-0.72,-,-,-,570.4,277.6,
,POLYCAB,7455.0,7401.0,-54.0,-0.72,-,-,-,8722.0,4567.0,
,ZOTA,1170.5,1162.0,-8.5,-0.73,-,-,-,1740.0,752.0,
,GOCOLORS,274.0,272.0,-2.0,-0.73,-,-,-,943.75,268.2,
,RITES,199.65,198.2,-1.45,-0.73,-,-,-,316.0,194.65,
,BCG,9.59,9.52,-0.07,-0.73,-,-,-,22.0,8.61,
,BMWVENTLTD,57.43,57.01,-0.42,-0.73,-,-,-,78.0,50.02,
,TALBROAUTO,251.7,249.85,-1.85,-0.74,-,-,-,326.0,207.31,
,BTML,6.78,6.73,-0.05,-0.74,-,-,-,10.5,6.57,
,TATACONSUM,1057.8,1050.0,-7.8,-0.74,-,-,-,1220.9,934.6,
,ICICIBANK,1266.5,1257.0,-9.5,-0.75,-,-,-,1500.0,1235.3,
,JSWSTEEL,1172.6,1163.8,-8.8,-0.75,-,-,-,1284.7,905.2,
,MAHLIFE,354.65,352.0,-2.65,-0.75,-,-,-,427.05,255.69,
,LLOYDSME,1205.0,1196.0,-9.0,-0.75,-,-,-,1612.0,1015.0,
,DEEPINDS,341.2,338.65,-2.55,-0.75,-,-,-,578.0,332.0,
,KAYNES,3700.3,3672.0,-28.3,-0.76,-,-,-,7705.0,3294.9,
,DRREDDY,1319.0,1309.0,-10.0,-0.76,-,-,-,1379.7,1020.0,
,TATASTEEL,193.47,192.0,-1.47,-0.76,-,-,-,216.45,125.3,
,SEAMECLTD,1340.2,1330.0,-10.2,-0.76,-,-,-,1446.7,752.55,
,ANANTRAJ,469.6,466.0,-3.6,-0.77,-,-,-,743.65,376.15,
,GRAPHITE,645.7,640.7,-5.0,-0.77,-,-,-,747.0,411.0,
,SPLPETRO,690.35,685.0,-5.35,-0.77,-,-,-,979.0,462.3,
,VINATIORGA,1385.6,1375.0,-10.6,-0.77,-,-,-,2040.0,1324.0,
,PGHL,4889.3,4851.0,-38.3,-0.78,-,-,-,6739.0,4780.0,
,MANORAMA,1325.4,1315.0,-10.4,-0.78,-,-,-,1760.0,849.95,
,ESSENTIA,1.28,1.27,-0.01,-0.78,-,-,-,2.61,1.12,
,GROWW,158.23,157.0,-1.23,-0.78,-,-,-,193.8,112.0,
,ERIS,1351.6,1341.1,-10.5,-0.78,-,-,-,1910.0,1097.2,
,SUNFLAG,225.88,224.1,-1.78,-0.79,-,-,-,322.0,196.37,
,AKI,5.05,5.01,-0.04,-0.79,-,-,-,16.05,4.49,
,DREDGECORP,947.6,940.0,-7.6,-0.8,-,-,-,1245.0,495.0,
,ULTRACEMCO,11089.0,11000.0,-89.0,-0.8,-,-,-,13110.0,10362.0,
,TREL,23.68,23.49,-0.19,-0.8,-,-,-,37.95,21.47,
,MAHSEAMLES,561.5,557.0,-4.5,-0.8,-,-,-,773.8,500.7,
,TMCV,443.55,440.0,-3.55,-0.8,-,-,-,509.0,306.3,
,NIBE,1073.7,1065.0,-8.7,-0.81,-,-,-,2001.0,761.5,
,BAJAJCON,352.85,350.0,-2.85,-0.81,-,-,-,408.7,151.0,
,JWL,272.2,270.0,-2.2,-0.81,-,-,-,457.0,246.2,
,ISGEC,937.6,930.0,-7.6,-0.81,-,-,-,1281.3,683.95,
,ASHOKLEY,178.47,177.01,-1.46,-0.82,-,-,-,215.42,95.93,
,HEROMOTOCO,5394.5,5350.0,-44.5,-0.82,-,-,-,6388.5,3344.0,
,KIRIINDUS,401.3,398.0,-3.3,-0.82,-,-,-,779.0,381.95,
,TRAVELFOOD,1192.5,1182.6,-9.9,-0.83,-,-,-,1445.0,1008.5,
,SPMLINFRA,175.04,173.58,-1.46,-0.83,-,-,-,323.4,136.3,
,GARFIBRES,605.15,600.1,-5.05,-0.83,-,-,-,985.55,588.15,
,LUMAXIND,4951.0,4910.0,-41.0,-0.83,-,-,-,6934.5,2100.05,
,MANYAVAR,352.95,350.0,-2.95,-0.84,-,-,-,849.9,352.0,
,TTML,39.33,39.0,-0.33,-0.84,-,-,-,81.12,37.9,
,INFOBEAN,129.1,128.0,-1.1,-0.85,-,-,-,257.5,67.64,
,TIPSMUSIC,504.3,500.0,-4.3,-0.85,-,-,-,718.0,483.0,
,DEEPAKFERT,978.3,970.0,-8.3,-0.85,-,-,-,1778.6,901.2,
,KOTARISUG,24.51,24.3,-0.21,-0.86,-,-,-,41.44,23.12,
,TATATECH,551.85,547.1,-4.75,-0.86,-,-,-,797.0,544.45,
,RTNINDIA,26.73,26.5,-0.23,-0.86,-,-,-,69.7,24.4,
,ASIANPAINT,2221.2,2202.0,-19.2,-0.86,-,-,-,2985.7,2162.6,
,WELCORP,844.25,837.0,-7.25,-0.86,-,-,-,994.0,664.3,
,KESORAMIND,8.14,8.07,-0.07,-0.86,-,-,-,13.94,2.84,
,TTKHLTCARE,847.4,840.0,-7.4,-0.87,-,-,-,1398.9,846.0,
,RADIOCITY,5.76,5.71,-0.05,-0.87,-,-,-,11.5,5.65,
,KOLTEPATIL,333.9,331.0,-2.9,-0.87,-,-,-,497.55,311.4,
,VMSTMT,41.41,41.05,-0.36,-0.87,-,-,-,105.0,40.59,
,UNOMINDA,1068.5,1059.1,-9.4,-0.88,-,-,-,1382.0,767.6,
,GMDCLTD,555.5,550.5,-5.0,-0.9,-,-,-,651.0,245.05,
,NCLIND,183.76,182.1,-1.66,-0.9,-,-,-,239.39,170.1,
,AEROFLEX,237.13,235.0,-2.13,-0.9,-,-,-,241.0,148.01,
,SIS,288.0,285.4,-2.6,-0.9,-,-,-,401.85,284.0,
,MUNJALAU,78.41,77.7,-0.71,-0.91,-,-,-,114.55,60.52,
,GICHSGFIN,146.23,144.9,-1.33,-0.91,-,-,-,206.0,144.0,
,AUROPHARMA,1311.9,1300.0,-11.9,-0.91,-,-,-,1319.8,1010.0,
,ORIENTCEM,139.97,138.7,-1.27,-0.91,-,-,-,362.4,138.0,
,KOPRAN,122.01,120.9,-1.11,-0.91,-,-,-,214.0,116.41,
,GINNIFILA,37.34,37.0,-0.34,-0.91,-,-,-,57.8,19.01,
,SHOPERSTOP,309.05,306.2,-2.85,-0.92,-,-,-,588.75,275.95,
,JKPAPER,347.7,344.5,-3.2,-0.92,-,-,-,444.8,287.7,
,CEMPRO,546.4,541.4,-5.0,-0.92,-,-,-,944.0,476.6,
,NRBBEARING,264.65,262.2,-2.45,-0.93,-,-,-,313.25,195.0,
,UNIPARTS,444.15,440.0,-4.15,-0.93,-,-,-,543.95,296.65,
,PROTEAN,551.2,546.0,-5.2,-0.94,-,-,-,1484.5,522.9,
,PFC,415.9,412.0,-3.9,-0.94,-,-,-,444.1,329.9,
,SDBL,76.72,76.0,-0.72,-0.94,-,-,-,173.03,74.7,
,PNGSREVA,392.8,389.1,-3.7,-0.94,-,-,-,433.0,360.0,
,RATEGAIN,509.85,505.0,-4.85,-0.95,-,-,-,741.6,412.85,
,LATENTVIEW,295.05,292.25,-2.8,-0.95,-,-,-,517.5,290.75,
,CARBORUNIV,787.5,780.0,-7.5,-0.95,-,-,-,1128.05,748.5,
,ASTRON,4.21,4.17,-0.04,-0.95,-,-,-,20.93,3.8,
,CRISIL,4235.3,4195.0,-40.3,-0.95,-,-,-,6139.0,3973.6,
,UTLSOLAR,189.8,188.0,-1.8,-0.95,-,-,-,230.99,172.0,
,NEWGEN,451.85,447.5,-4.35,-0.96,-,-,-,1377.15,446.35,
,RRKABEL,1433.8,1420.1,-13.7,-0.96,-,-,-,1578.2,853.55,
,NAVA,575.5,570.0,-5.5,-0.96,-,-,-,735.0,396.3,
,HAL,4013.5,3975.0,-38.5,-0.96,-,-,-,5165.0,3388.25,
,THERMAX,3165.3,3135.0,-30.3,-0.96,-,-,-,4091.8,2742.7,
,JPOLYINVST,1312.7,1300.0,-12.7,-0.97,-,-,-,1487.7,622.35,
,MANAPPURAM,255.55,253.05,-2.5,-0.98,-,-,-,321.6,198.0,
,INGERRAND,3810.0,3772.6,-37.4,-0.98,-,-,-,4477.8,3063.3,
,GOKEX,602.9,597.0,-5.9,-0.98,-,-,-,1060.0,531.0,
,ZFCVINDIA,13971.0,13832.0,-139.0,-0.99,-,-,-,16665.0,11215.05,
,AUTOIND,65.15,64.5,-0.65,-1.0,-,-,-,96.39,62.81,
,EDELWEISS,108.09,107.01,-1.08,-1.0,-,-,-,130.7,73.5,
,ALKYLAMINE,1304.1,1291.0,-13.1,-1.0,-,-,-,2438.8,1294.1,
,TUNWAL,30.05,29.75,-0.3,-1.0,-,-,-,49.8,27.05,
,AXISBANK,1234.5,1222.2,-12.3,-1.0,-,-,-,1418.3,999.2,
,SRF,2626.3,2600.0,-26.3,-1.0,-,-,-,3325.0,2446.6,
,SWELECTES,520.35,515.1,-5.25,-1.01,-,-,-,977.0,480.0,
,GODREJPROP,1616.3,1600.0,-16.3,-1.01,-,-,-,2506.5,1475.0,
,BLUEDART,5303.5,5250.0,-53.5,-1.01,-,-,-,7225.0,5190.5,
,TTL,8.88,8.79,-0.09,-1.01,-,-,-,16.2,6.42,
,INDSWFTLAB,143.47,142.0,-1.47,-1.02,-,-,-,151.98,68.72,
,POWERMECH,1980.2,1960.0,-20.2,-1.02,-,-,-,3415.0,1920.3,
,FAIRCHEMOR,548.1,542.5,-5.6,-1.02,-,-,-,1102.7,538.0,
,COROMANDEL,2008.5,1988.0,-20.5,-1.02,-,-,-,2718.9,1733.7,
,FIEMIND,2101.6,2080.0,-21.6,-1.03,-,-,-,2555.3,1255.1,
,FILATEX,42.74,42.3,-0.44,-1.03,-,-,-,66.1,34.0,
,DREAMFOLKS,74.78,74.01,-0.77,-1.03,-,-,-,304.85,71.89,
,MOTISONS,13.49,13.35,-0.14,-1.04,-,-,-,24.02,10.62,
,MURUDCERA,30.72,30.4,-0.32,-1.04,-,-,-,48.5,29.31,
,ROML,45.0,44.53,-0.47,-1.04,-,-,-,73.8,40.16,
,LODHA,869.05,860.0,-9.05,-1.04,-,-,-,1531.0,850.45,
,BELRISE,188.08,186.08,-2.0,-1.06,-,-,-,200.9,89.15,
,STERTOOLS,192.04,190.0,-2.04,-1.06,-,-,-,393.45,188.48,
,MTNL,26.08,25.8,-0.28,-1.07,-,-,-,58.2,25.21,
,WEL,138.79,137.3,-1.49,-1.07,-,-,-,190.5,123.15,
,SAILIFE,1008.85,998.0,-10.85,-1.08,-,-,-,1084.0,636.1,
,DIFFNKG,252.75,250.0,-2.75,-1.09,-,-,-,418.2,231.85,
,ABLBL,101.1,100.0,-1.1,-1.09,-,-,-,175.0,97.1,
,EPACKPEB,161.76,160.0,-1.76,-1.09,-,-,-,344.0,153.28,
,AHCL,122.75,121.4,-1.35,-1.1,-,-,-,172.75,90.78,
,GRSE,2423.8,2397.0,-26.8,-1.11,-,-,-,3538.4,1282.7,
,HEMIPROP,136.92,135.4,-1.52,-1.11,-,-,-,190.69,111.03,
,ALMONDZ,14.27,14.11,-0.16,-1.12,-,-,-,27.93,12.51,
,JMFINANCIL,123.38,122.0,-1.38,-1.12,-,-,-,199.8,80.2,
,RAJMET,3.55,3.51,-0.04,-1.13,-,-,-,7.12,3.5,
,ROHLTD,336.85,333.0,-3.85,-1.14,-,-,-,593.4,318.0,
,IRCON,136.55,135.0,-1.55,-1.14,-,-,-,225.52,130.0,
,ADVANCE,101.66,100.5,-1.16,-1.14,-,-,-,154.0,101.0,
,ORIENTALTL,6.02,5.95,-0.07,-1.16,-,-,-,17.6,5.61,
,ADVANIHOTR,52.11,51.5,-0.61,-1.17,-,-,-,68.39,50.65,
,KECL,82.97,82.0,-0.97,-1.17,-,-,-,151.92,75.47,
,POLICYBZR,1462.7,1445.4,-17.3,-1.18,-,-,-,1978.0,1311.35,
,EMSLIMITED,304.6,301.0,-3.6,-1.18,-,-,-,695.4,256.05,
,CERA,4667.9,4612.6,-55.3,-1.18,-,-,-,7275.0,4524.0,
,AJMERA,122.16,120.7,-1.46,-1.2,-,-,-,221.4,113.26,
,TITAN,4129.6,4080.0,-49.6,-1.2,-,-,-,4378.4,2925.0,
,MANGLMCEM,809.8,800.0,-9.8,-1.21,-,-,-,940.35,665.0,
,ANDHRAPAP,62.91,62.15,-0.76,-1.21,-,-,-,90.0,61.16,
,SMLMAH,3826.3,3780.0,-46.3,-1.21,-,-,-,5348.0,1091.0,
,IGIL,320.9,317.0,-3.9,-1.22,-,-,-,442.0,282.0,
,GENESYS,271.3,268.0,-3.3,-1.22,-,-,-,798.9,258.25,
,CELLO,404.95,400.0,-4.95,-1.22,-,-,-,673.8,385.0,
,INDIGO,4251.7,4200.0,-51.7,-1.22,-,-,-,6232.5,4035.0,
,ARIS,109.33,108.0,-1.33,-1.22,-,-,-,208.5,82.18,
,ASHAPURMIN,531.55,525.0,-6.55,-1.23,-,-,-,924.9,305.55,
,CEIGALL,271.85,268.5,-3.35,-1.23,-,-,-,307.9,222.61,
,VAIBHAVGBL,214.65,212.0,-2.65,-1.23,-,-,-,293.25,195.0,
,MRF,138005.0,136300.0,-1705.0,-1.24,-,-,-,163600.0,104800.0,
,SAGILITY,39.49,39.0,-0.49,-1.24,-,-,-,57.89,37.25,
,CAMPUS,240.0,237.0,-3.0,-1.25,-,-,-,304.4,210.0,
,BHARATFORG,1779.6,1757.4,-22.2,-1.25,-,-,-,1935.5,919.1,
,HIKAL,180.25,178.0,-2.25,-1.25,-,-,-,456.75,171.25,
,5PAISA,301.8,298.0,-3.8,-1.26,-,-,-,433.7,287.65,
,QPOWER,820.35,810.0,-10.35,-1.26,-,-,-,1082.0,267.8,
,WINDMACHIN,237.0,234.0,-3.0,-1.27,-,-,-,409.0,228.05,
,KALYANKJIL,389.95,385.0,-4.95,-1.27,-,-,-,617.7,347.5,
,KPIGREEN,394.7,389.7,-5.0,-1.27,-,-,-,563.0,335.65,
,BOMDYEING,108.68,107.3,-1.38,-1.27,-,-,-,196.75,101.49,
,ACUTAAS,2187.7,2160.0,-27.7,-1.27,-,-,-,2553.65,1040.5,
,OMFREIGHT,76.57,75.6,-0.97,-1.27,-,-,-,107.4,76.0,
,ROLEXRINGS,122.06,120.5,-1.56,-1.28,-,-,-,166.0,99.79,
,SMSPHARMA,405.2,400.0,-5.2,-1.28,-,-,-,433.9,186.62,
,GANDHAR,129.96,128.3,-1.66,-1.28,-,-,-,184.42,120.56,
,GOLDIAM,312.0,308.0,-4.0,-1.28,-,-,-,444.0,251.35,
,SWSOLAR,179.31,177.0,-2.31,-1.29,-,-,-,348.9,172.22,
,BHARTIHEXA,1521.9,1502.3,-19.6,-1.29,-,-,-,2052.9,1260.0,
,MASFIN,304.05,300.1,-3.95,-1.3,-,-,-,352.8,226.0,
,TINNARUBR,669.7,661.0,-8.7,-1.3,-,-,-,1088.85,606.0,
,JKIPL,54.51,53.8,-0.71,-1.3,-,-,-,126.95,50.0,
,DENTA,248.25,245.0,-3.25,-1.31,-,-,-,479.6,222.0,
,WESTLIFE,461.05,455.0,-6.05,-1.31,-,-,-,819.2,454.65,
,RALLIS,247.35,244.1,-3.25,-1.31,-,-,-,385.9,196.78,
,JITFINFRA,359.7,355.0,-4.7,-1.31,-,-,-,478.0,222.35,
,MUFTI,78.08,77.05,-1.03,-1.32,-,-,-,189.0,76.78,
,BALKRISIND,2280.2,2250.0,-30.2,-1.32,-,-,-,2817.5,2146.8,
,PASHUPATI,996.1,982.95,-13.15,-1.32,-,-,-,1035.05,595.95,
,SOLARA,447.95,442.0,-5.95,-1.33,-,-,-,734.4,440.2,
,GTL,6.79,6.7,-0.09,-1.33,-,-,-,13.0,6.03,
,IOB,33.86,33.41,-0.45,-1.33,-,-,-,45.15,32.6,
,RKSWAMY,98.41,97.1,-1.31,-1.33,-,-,-,248.04,95.0,
,BBTC,1570.9,1550.0,-20.9,-1.33,-,-,-,2155.0,1511.2,
,GANDHITUBE,771.35,761.0,-10.35,-1.34,-,-,-,1031.8,618.0,
,ICICIPRULI,592.95,585.0,-7.95,-1.34,-,-,-,706.8,525.8,
,SCODATUBES,123.05,121.4,-1.65,-1.34,-,-,-,230.85,113.28,
,JARO,405.45,400.0,-5.45,-1.34,-,-,-,890.0,386.0,
,KRISHANA,507.4,500.55,-6.85,-1.35,-,-,-,619.0,207.76,
,TCPLPACK,2519.4,2485.4,-34.0,-1.35,-,-,-,4900.0,2401.4,
,APOLLO,210.84,208.0,-2.84,-1.35,-,-,-,354.7,105.3,
,SYRMA,750.2,740.0,-10.2,-1.36,-,-,-,909.9,370.0,
,PTCIL,17958.0,17710.0,-248.0,-1.38,-,-,-,19387.0,11902.0,
,KROSS,188.19,185.6,-2.59,-1.38,-,-,-,237.6,150.06,
,CHOLAFIN,1526.1,1505.1,-21.0,-1.38,-,-,-,1831.5,1358.65,
,SARDAEN,550.6,543.0,-7.6,-1.38,-,-,-,639.75,396.6,
,DEEPAKNTR,1480.5,1460.0,-20.5,-1.38,-,-,-,2174.0,1455.5,
,EIEL,159.98,157.74,-2.24,-1.4,-,-,-,306.4,134.71,
,INTERARCH,1792.0,1767.0,-25.0,-1.4,-,-,-,2762.6,1264.0,
,JAMNAAUTO,122.42,120.69,-1.73,-1.41,-,-,-,152.6,69.7,
,SSDL,59.14,58.3,-0.84,-1.42,-,-,-,108.0,58.1,
,SBICARD,710.25,700.1,-10.15,-1.43,-,-,-,1027.25,693.0,
,SHREEJISPG,364.25,359.05,-5.2,-1.43,-,-,-,421.95,222.0,
,IDEAFORGE,426.15,420.0,-6.15,-1.44,-,-,-,659.85,304.2,
,ORKLAINDIA,547.9,540.0,-7.9,-1.44,-,-,-,760.0,533.25,
,GODREJAGRO,586.55,578.0,-8.55,-1.46,-,-,-,876.35,506.1,
,VIYASH,196.06,193.2,-2.86,-1.46,-,-,-,257.85,117.35,
,CYIENTDLM,309.65,305.1,-4.55,-1.47,-,-,-,540.0,282.6,
,BRITANNIA,5787.0,5702.0,-85.0,-1.47,-,-,-,6336.0,4600.0,
,LLOYDSENT,48.72,48.0,-0.72,-1.48,-,-,-,88.44,34.2,
,DHRUV,30.45,30.0,-0.45,-1.48,-,-,-,90.0,22.22,
,RPGLIFE,1964.9,1935.4,-29.5,-1.5,-,-,-,2725.0,1764.2,
,CORDSCABLE,153.41,151.1,-2.31,-1.51,-,-,-,222.0,147.71,
,JKCEMENT,5199.0,5120.5,-78.5,-1.51,-,-,-,7565.5,4218.9,
,KERNEX,993.5,978.5,-15.0,-1.51,-,-,-,1425.0,621.55,
,KABRAEXTRU,230.6,227.1,-3.5,-1.52,-,-,-,334.7,180.0,
,KRITIKA,5.89,5.8,-0.09,-1.53,-,-,-,11.22,4.82,
,GLAXO,2504.4,2466.1,-38.3,-1.53,-,-,-,3515.7,2220.3,
,HDFCBANK,832.75,820.0,-12.75,-1.53,-,-,-,1020.5,820.1,
,VIKRAN,62.25,61.3,-0.95,-1.53,-,-,-,118.4,58.55,
,MTARTECH,3514.0,3460.0,-54.0,-1.54,-,-,-,3920.0,1155.6,
,VENUSPIPES,1015.6,1000.0,-15.6,-1.54,-,-,-,1660.0,974.4,
,HDFCLIFE,645.7,635.7,-10.0,-1.55,-,-,-,820.75,619.45,
,BIRLAMONEY,120.78,118.9,-1.88,-1.56,-,-,-,208.71,115.01,
,TIINDIA,2549.7,2510.0,-39.7,-1.56,-,-,-,3419.9,2164.9,
,MAPMYINDIA,967.1,952.0,-15.1,-1.56,-,-,-,2166.7,950.2,
,ORIENTELEC,170.66,168.0,-2.66,-1.56,-,-,-,248.9,155.35,
,REFEX,208.28,205.0,-3.28,-1.57,-,-,-,534.0,201.0,
,GMRP&UI,107.69,106.0,-1.69,-1.57,-,-,-,141.01,97.22,
,INDHOTEL,624.95,615.0,-9.95,-1.59,-,-,-,858.0,597.0,
,AJAXENGG,470.55,463.0,-7.55,-1.6,-,-,-,756.2,465.0,
,SUNTV,593.3,583.8,-9.5,-1.6,-,-,-,691.4,480.2,
,ARSSBL,492.9,485.0,-7.9,-1.6,-,-,-,794.85,431.0,
,VEDL,719.6,708.0,-11.6,-1.61,-,-,-,769.8,363.0,
,STYL,254.1,250.0,-4.1,-1.61,-,-,-,437.45,227.01,
,SMARTWORKS,393.05,386.6,-6.45,-1.64,-,-,-,619.0,370.0,
,SHALPAINTS,52.01,51.15,-0.86,-1.65,-,-,-,119.2,50.51,
,ICIL,244.05,240.0,-4.05,-1.66,-,-,-,351.35,213.55,
,BERGEPAINT,422.7,415.7,-7.0,-1.66,-,-,-,605.0,419.2,
,ORIENTTECH,263.35,258.9,-4.45,-1.69,-,-,-,466.73,254.0,
,PRAKASHSTL,4.11,4.04,-0.07,-1.7,-,-,-,7.45,3.92,
,QUESS,190.23,187.0,-3.23,-1.7,-,-,-,708.85,181.9,
,CENTEXT,19.89,19.55,-0.34,-1.71,-,-,-,34.75,16.26,
,TIRUMALCHM,176.83,173.8,-3.03,-1.71,-,-,-,328.8,158.0,
,KSHITIJPOL,2.34,2.3,-0.04,-1.71,-,-,-,4.01,1.88,
,UNITDSPR,1363.5,1340.0,-23.5,-1.72,-,-,-,1645.0,1276.0,
,PSB,24.24,23.82,-0.42,-1.73,-,-,-,50.5,23.72,
,PRAJIND,314.45,309.0,-5.45,-1.73,-,-,-,588.45,273.0,
,UNICHEMLAB,335.8,330.0,-5.8,-1.73,-,-,-,722.35,309.0,
,GOPAL,281.9,277.0,-4.9,-1.74,-,-,-,398.0,255.9,
,SHANTIGEAR,478.3,470.0,-8.3,-1.74,-,-,-,619.8,395.0,
,NECCLTD,13.76,13.52,-0.24,-1.74,-,-,-,27.25,11.51,
,URBANCO,114.4,112.4,-2.0,-1.75,-,-,-,201.18,100.7,
,LAGNAM,68.3,67.1,-1.2,-1.76,-,-,-,138.1,63.05,
,BSOFT,374.6,368.0,-6.6,-1.76,-,-,-,474.0,331.0,
,PRICOLLTD,541.65,532.0,-9.65,-1.78,-,-,-,694.2,367.85,
,TEAMLEASE,1122.0,1102.0,-20.0,-1.78,-,-,-,2165.0,1081.6,
,FACT,845.1,830.0,-15.1,-1.79,-,-,-,1112.0,565.0,
,TRU,6.69,6.57,-0.12,-1.79,-,-,-,20.84,5.86,
,RKFORGE,560.1,550.0,-10.1,-1.8,-,-,-,862.6,474.3,
,NAM-INDIA,846.35,831.0,-15.35,-1.81,-,-,-,1009.0,498.05,
,SUNDRMFAST,830.2,815.0,-15.2,-1.83,-,-,-,1080.0,810.0,
,BALRAMCHIN,509.3,500.0,-9.3,-1.83,-,-,-,627.8,393.55,
,JLHL,1254.0,1231.0,-23.0,-1.83,-,-,-,1770.0,1198.8,
,AAVAS,1179.8,1158.0,-21.8,-1.85,-,-,-,2234.0,1152.1,
,BRNL,18.34,18.0,-0.34,-1.85,-,-,-,36.89,17.21,
,MIRZAINT,31.38,30.8,-0.58,-1.85,-,-,-,44.0,25.03,
,CONCORDBIO,1174.5,1152.6,-21.9,-1.86,-,-,-,2150.4,1068.6,
,IXIGO,168.19,165.05,-3.14,-1.87,-,-,-,339.15,121.32,
,VTL,541.35,531.2,-10.15,-1.87,-,-,-,552.0,362.65,
,SANATHAN,414.3,406.45,-7.85,-1.89,-,-,-,560.2,306.0,
,CLEAN,733.9,720.0,-13.9,-1.89,-,-,-,1600.0,701.0,
,TPHQ,0.53,0.52,-0.01,-1.89,-,-,-,1.39,0.52,
,DYNAMATECH,9685.0,9500.0,-185.0,-1.91,-,-,-,10950.0,5444.15,
,IRCTC,536.7,526.35,-10.35,-1.93,-,-,-,820.25,520.05,
,DCAL,165.22,162.0,-3.22,-1.95,-,-,-,321.95,154.47,
,GHCLTEXTIL,72.94,71.52,-1.42,-1.95,-,-,-,99.0,65.0,
,HLVLTD,7.7,7.55,-0.15,-1.95,-,-,-,15.75,6.68,
,SKYGOLD,347.1,340.3,-6.8,-1.96,-,-,-,400.95,246.05,
,INVENTURE,1.02,1.0,-0.02,-1.96,-,-,-,1.83,0.98,
,MOTOGENFIN,19.89,19.5,-0.39,-1.96,-,-,-,31.8,18.3,
,PLATIND,211.32,207.15,-4.17,-1.97,-,-,-,342.4,199.05,
,CYBERMEDIA,13.58,13.31,-0.27,-1.99,-,-,-,22.81,11.0,
,LAURUSLABS,1046.8,1026.0,-20.8,-1.99,-,-,-,1141.0,517.65,
,PREMEXPLN,474.5,465.0,-9.5,-2.0,-,-,-,684.0,309.85,
,UMAEXPORTS,25.55,25.04,-0.51,-2.0,-,-,-,96.8,22.15,
,MANINFRA,98.21,96.25,-1.96,-2.0,-,-,-,190.83,93.94,
,MOTHERSON,120.17,117.77,-2.4,-2.0,-,-,-,136.15,71.5,
,HMT,57.05,55.91,-1.14,-2.0,-,-,-,75.49,41.0,
,RADAAN,2.99,2.93,-0.06,-2.01,-,-,-,5.37,2.71,
,SADBHIN,2.97,2.91,-0.06,-2.02,-,-,-,5.7,2.95,
,SBC,32.19,31.54,-0.65,-2.02,-,-,-,32.85,10.95,
,PRINCEPIPE,255.15,250.0,-5.15,-2.02,-,-,-,387.7,229.05,
,PRIMO,17.35,17.0,-0.35,-2.02,-,-,-,31.39,16.78,
,SONATSOFTW,242.45,237.5,-4.95,-2.04,-,-,-,464.2,237.3,
,NAHARPOLY,238.38,233.5,-4.88,-2.05,-,-,-,389.95,187.11,
,GOKULAGRO,160.3,157.0,-3.3,-2.06,-,-,-,221.5,96.55,
,PHOENIXLTD,1560.2,1528.0,-32.2,-2.06,-,-,-,1993.0,1402.5,
,TIIL,2045.6,2003.5,-42.1,-2.06,-,-,-,3383.0,1868.5,
,AAKASH,10.15,9.94,-0.21,-2.07,-,-,-,13.79,7.06,
,PREMIERENE,789.35,773.0,-16.35,-2.07,-,-,-,1163.9,660.0,
,SJS,1606.5,1573.2,-33.3,-2.07,-,-,-,1930.0,808.15,
,MEDANTA,1103.2,1080.0,-23.2,-2.1,-,-,-,1456.5,1010.0,
,RAILTEL,287.1,280.1,-6.0,-2.1,-,-,-,478.95,266.0,
,KSB,768.15,752.0,-16.15,-2.1,-,-,-,912.0,647.8,
,NPST,984.8,964.0,-20.8,-2.11,-,-,-,2531.75,978.0,
,RPEL,669.15,655.0,-14.15,-2.11,-,-,-,1065.5,449.5,
,HAPPYFORGE,1277.0,1250.0,-27.0,-2.11,-,-,-,1370.0,724.1,
,SUPREMEENG,0.95,0.93,-0.02,-2.11,-,-,-,2.48,0.68,
,MUTHOOTMF,153.56,150.3,-3.26,-2.12,-,-,-,199.39,119.25,
,BEARDSELL,23.5,23.0,-0.5,-2.13,-,-,-,38.6,23.0,
,INOXINDIA,1196.5,1171.0,-25.5,-2.13,-,-,-,1288.0,892.25,
,GUJAPOLLO,403.65,395.0,-8.65,-2.14,-,-,-,556.0,256.55,
,WAAREERTL,840.0,822.0,-18.0,-2.14,-,-,-,1358.0,786.35,
,NIITMTS,306.6,300.0,-6.6,-2.15,-,-,-,454.0,296.05,
,CANTABIL,256.65,251.05,-5.6,-2.18,-,-,-,321.5,213.41,
,IPL,148.24,145.0,-3.24,-2.19,-,-,-,245.84,123.11,
,ZEELEARN,5.47,5.35,-0.12,-2.19,-,-,-,10.89,4.57,
,SILGO,73.61,72.0,-1.61,-2.19,-,-,-,85.0,33.11,
,IVALUE,230.26,225.15,-5.11,-2.22,-,-,-,340.0,213.98,
,ADVAIT,1580.6,1545.1,-35.5,-2.25,-,-,-,1885.0,1351.0,
,HSCL,453.05,442.8,-10.25,-2.26,-,-,-,534.45,365.35,
,POKARNA,883.75,863.75,-20.0,-2.26,-,-,-,1358.0,692.6,
,DCBBANK,174.01,170.0,-4.01,-2.3,-,-,-,203.7,103.92,
,STLNETWORK,19.55,19.1,-0.45,-2.3,-,-,-,35.4,18.0,
,CENTUM,2774.5,2710.0,-64.5,-2.32,-,-,-,3044.0,1232.0,
,SILINV,411.3,401.7,-9.6,-2.33,-,-,-,767.0,392.05,
,EUROPRATIK,238.9,233.3,-5.6,-2.34,-,-,-,390.0,205.1,
,PDSL,286.8,280.0,-6.8,-2.37,-,-,-,466.0,283.2,
,ARVIND,348.3,340.0,-8.3,-2.38,-,-,-,404.0,274.8,
,ALLTIME,209.99,205.0,-4.99,-2.38,-,-,-,334.9,205.5,
,BASML,20.49,20.0,-0.49,-2.39,-,-,-,38.2,19.8,
,IMAGICAA,43.08,42.05,-1.03,-2.39,-,-,-,75.55,37.62,
,CGCL,169.05,165.0,-4.05,-2.4,-,-,-,231.35,150.51,
,CARRARO,472.6,461.0,-11.6,-2.45,-,-,-,614.5,253.15,
,BHARATSE,169.45,165.3,-4.15,-2.45,-,-,-,239.45,69.84,
,IONEXCHANG,355.7,346.9,-8.8,-2.47,-,-,-,580.75,322.1,
,SIL,14.1,13.75,-0.35,-2.48,-,-,-,23.05,13.0,
,NACLIND,121.06,118.06,-3.0,-2.48,-,-,-,311.42,66.7,
,CENTURYPLY,685.0,668.0,-17.0,-2.48,-,-,-,859.0,650.0,
,ASHOKAMET,14.44,14.08,-0.36,-2.49,-,-,-,21.0,12.6,
,IFGLEXPOR,153.9,150.02,-3.88,-2.52,-,-,-,338.0,150.0,
,ASHIANA,314.1,306.15,-7.95,-2.53,-,-,-,376.15,247.8,
,DHUNINV,867.05,845.0,-22.05,-2.54,-,-,-,1724.9,789.55,
,BOSCHLTD,31305.0,30500.0,-805.0,-2.57,-,-,-,41945.0,25921.6,
,NITIRAJ,221.72,216.0,-5.72,-2.58,-,-,-,421.6,169.99,
,BIRLANU,1334.9,1300.5,-34.4,-2.58,-,-,-,2428.3,1329.0,
,SHRIRAMFIN,1031.7,1005.0,-26.7,-2.59,-,-,-,1108.0,566.5,
,ASIANTILES,64.59,62.9,-1.69,-2.62,-,-,-,78.8,39.15,
,ENGINERSIN,200.69,195.41,-5.28,-2.63,-,-,-,255.45,148.81,
,INOXGREEN,151.5,147.5,-4.0,-2.64,-,-,-,279.0,104.0,
,BALAXI,20.03,19.5,-0.53,-2.65,-,-,-,76.1,17.5,
,HIRECT,1510.2,1470.0,-40.2,-2.66,-,-,-,2108.5,799.0,
,BELLACASA,283.35,275.8,-7.55,-2.66,-,-,-,497.35,246.65,
,HITECHCORP,131.67,128.1,-3.57,-2.71,-,-,-,223.44,118.11,
,SUVEN,136.72,133.0,-3.72,-2.72,-,-,-,299.99,112.51,
,VRAJ,113.09,110.01,-3.08,-2.72,-,-,-,194.19,111.55,
,STEL,484.3,471.15,-13.15,-2.72,-,-,-,633.3,364.8,
,EQUITASBNK,56.75,55.2,-1.55,-2.73,-,-,-,73.4,50.0,
,GRMOVER,157.31,153.0,-4.31,-2.74,-,-,-,185.45,84.0,
,NELCAST,123.92,120.5,-3.42,-2.76,-,-,-,180.9,78.55,
,GANGAFORGE,2.88,2.8,-0.08,-2.78,-,-,-,5.57,2.7,
,AVANTEL,143.95,139.95,-4.0,-2.78,-,-,-,215.0,97.33,
,MARINE,182.45,177.36,-5.09,-2.79,-,-,-,258.0,155.1,
,FMGOETZE,394.05,383.0,-11.05,-2.8,-,-,-,622.0,308.0,
,THOMASCOOK,91.59,89.01,-2.58,-2.82,-,-,-,188.29,86.66,
,KIRLOSBROS,1590.0,1545.1,-44.9,-2.82,-,-,-,2475.0,1430.0,
,VMM,106.07,103.07,-3.0,-2.83,-,-,-,157.6,96.3,
,NITINSPIN,360.4,350.1,-10.3,-2.86,-,-,-,426.8,295.25,
,TECHNOE,1106.7,1075.0,-31.7,-2.86,-,-,-,1654.0,785.15,
,AVL,454.05,441.0,-13.05,-2.87,-,-,-,598.7,327.6,
,SPORTKING,114.81,111.5,-3.31,-2.88,-,-,-,140.0,76.0,
,GMMPFAUDLR,890.75,865.0,-25.75,-2.89,-,-,-,1418.0,829.6,
,PITTIENG,808.55,785.1,-23.45,-2.9,-,-,-,1121.95,675.0,
,SANOFICONR,4357.0,4230.0,-127.0,-2.91,-,-,-,5894.5,3975.0,
,JINDALPOLY,939.3,912.0,-27.3,-2.91,-,-,-,949.7,365.0,
,GALLANTT,551.65,535.4,-16.25,-2.95,-,-,-,802.25,307.05,
,EMIL,94.65,91.85,-2.8,-2.96,-,-,-,168.5,84.9,
,KAJARIACER,940.0,911.9,-28.1,-2.99,-,-,-,1321.9,758.7,
,MARKSANS,173.18,168.0,-5.18,-2.99,-,-,-,270.7,156.0,
,ATUL,6302.5,6111.5,-191.0,-3.03,-,-,-,7788.0,4752.0,
,20MICRONS,163.09,158.15,-4.94,-3.03,-,-,-,283.93,160.0,
,VARROC,495.35,480.1,-15.25,-3.08,-,-,-,694.7,374.1,
,GRPLTD,1807.9,1752.0,-55.9,-3.09,-,-,-,3224.95,1500.0,
,JAIBALAJI,66.56,64.5,-2.06,-3.09,-,-,-,149.45,58.28,
,XCHANGING,59.3,57.45,-1.85,-3.12,-,-,-,104.5,59.0,
,DIGITIDE,86.71,84.0,-2.71,-3.13,-,-,-,279.69,81.95,
,DALMIASUG,310.85,301.1,-9.75,-3.14,-,-,-,464.9,261.4,
,SHALBY,148.67,144.0,-4.67,-3.14,-,-,-,274.7,142.55,
,VRLLOG,258.45,250.2,-8.25,-3.19,-,-,-,324.5,225.75,
,VERTOZ,39.26,38.0,-1.26,-3.21,-,-,-,112.0,39.06,
,EICHERMOT,6975.5,6750.0,-225.5,-3.23,-,-,-,8230.0,4935.0,
,SKFINDIA,1604.0,1551.0,-53.0,-3.3,-,-,-,5074.0,1574.2,
,PREMIERPOL,61.23,59.21,-2.02,-3.3,-,-,-,70.59,38.0,
,THELEELA,435.45,421.0,-14.45,-3.32,-,-,-,474.4,382.5,
,UNIVASTU,65.23,63.05,-2.18,-3.34,-,-,-,106.67,59.85,
,SILVERTUC,116.3,112.4,-3.9,-3.35,-,-,-,169.02,61.0,
,ASTRAZEN,8609.0,8320.0,-289.0,-3.36,-,-,-,10691.0,7201.15,
,BALAMINES,1035.0,1000.0,-35.0,-3.38,-,-,-,1945.0,994.0,
,EFCIL,218.38,211.0,-7.38,-3.38,-,-,-,357.0,212.44,
,SHILPAMED,332.3,321.0,-11.3,-3.4,-,-,-,500.0,259.5,
,CAMLINFINE,144.93,140.0,-4.93,-3.4,-,-,-,333.3,127.98,
,TRACXN,32.16,31.06,-1.1,-3.42,-,-,-,65.8,31.04,
,VHL,3112.3,3005.0,-107.3,-3.45,-,-,-,4469.0,2990.0,
,GTPL,60.11,58.0,-2.11,-3.51,-,-,-,133.4,55.01,
,EMMVEE,207.31,200.0,-7.31,-3.53,-,-,-,248.4,171.51,
,GODREJCP,1052.3,1015.0,-37.3,-3.54,-,-,-,1309.0,1020.35,
,JINDWORLD,21.78,21.0,-0.78,-3.58,-,-,-,79.3,21.27,
,BRIGHOTEL,60.68,58.5,-2.18,-3.59,-,-,-,91.77,55.4,
,OSWALSEEDS,11.93,11.5,-0.43,-3.6,-,-,-,20.28,10.72,
,APCL,116.58,112.37,-4.21,-3.61,-,-,-,155.0,96.2,
,PROZONER,44.62,43.0,-1.62,-3.63,-,-,-,72.77,27.3,
,AKG,11.0,10.6,-0.4,-3.64,-,-,-,16.82,10.34,
,MFSL,1696.2,1634.0,-62.2,-3.67,-,-,-,1892.5,950.0,
,BGRENERGY,319.9,308.1,-11.8,-3.69,-,-,-,490.8,74.0,
,GKENERGY,108.07,104.01,-4.06,-3.76,-,-,-,239.6,96.01,
,SHREEPUSHK,320.25,308.1,-12.15,-3.79,-,-,-,476.0,220.5,
,BEDMUTHA,126.0,121.2,-4.8,-3.81,-,-,-,186.66,95.0,
,GEMAROMA,176.82,170.0,-6.82,-3.86,-,-,-,349.6,133.0,
,TBZ,135.59,130.3,-5.29,-3.9,-,-,-,232.65,128.6,
,CEATLTD,3806.5,3658.0,-148.5,-3.9,-,-,-,4438.0,2504.0,
,ABSLAMC,1000.15,961.0,-39.15,-3.91,-,-,-,1046.55,556.45,
,BLBLIMITED,17.33,16.65,-0.68,-3.92,-,-,-,22.47,12.0,
,SMLT,67.79,65.11,-2.68,-3.95,-,-,-,140.0,62.2,
,MOLDTKPAC,515.5,495.0,-20.5,-3.98,-,-,-,892.9,410.0,
,RAMCOSYS,418.05,401.0,-17.05,-4.08,-,-,-,682.35,288.05,
,LOKESHMACH,210.5,201.91,-8.59,-4.08,-,-,-,255.87,127.93,
,ARIES,338.95,325.0,-13.95,-4.12,-,-,-,459.9,236.65,
,SIMPLEXINF,187.85,180.05,-7.8,-4.15,-,-,-,342.45,171.2,
,RATNAVEER,140.9,135.01,-5.89,-4.18,-,-,-,177.0,115.99,
,LAXMIDENTL,183.67,176.0,-7.67,-4.18,-,-,-,509.95,173.0,
,ARVSMART,537.5,515.0,-22.5,-4.19,-,-,-,757.0,486.8,
,CONTROLPR,628.05,601.5,-26.55,-4.23,-,-,-,917.5,547.0,
,TVTODAY,112.79,108.0,-4.79,-4.25,-,-,-,184.8,108.13,
,UYFINCORP,13.59,13.01,-0.58,-4.27,-,-,-,23.3,11.16,
,DATAMATICS,731.95,700.2,-31.75,-4.34,-,-,-,1120.0,522.0,
,GUJRAFFIA,37.08,35.46,-1.62,-4.37,-,-,-,88.0,34.87,
,KRISHNADEF,1077.5,1030.0,-47.5,-4.41,-,-,-,1240.0,511.0,
,CARYSIL,815.3,779.0,-36.3,-4.45,-,-,-,1071.9,507.5,
,GUJALKALI,440.95,421.3,-19.65,-4.46,-,-,-,698.4,425.25,
,GNA,415.95,397.0,-18.95,-4.56,-,-,-,470.0,271.05,
,JAYBARMARU,90.9,86.75,-4.15,-4.57,-,-,-,115.89,55.5,
,ORISSAMINE,3847.5,3670.0,-177.5,-4.61,-,-,-,6138.9,3566.8,
,KANPRPLA,175.89,167.6,-8.29,-4.71,-,-,-,249.5,104.5,
,TRIVENI,359.95,343.0,-16.95,-4.71,-,-,-,468.1,313.1,
,IMPEXFERRO,1.69,1.61,-0.08,-4.73,-,-,-,2.43,1.55,
,VINYLINDIA,199.46,190.0,-9.46,-4.74,-,-,-,356.8,196.51,
,ZODIACLOTH,72.18,68.75,-3.43,-4.75,-,-,-,125.41,70.95,
,TARSONS,194.25,185.0,-9.25,-4.76,-,-,-,458.0,181.21,
,SUDEEPPHRM,608.1,578.9,-29.2,-4.8,-,-,-,795.0,524.05,
,SAATVIKGL,361.4,344.0,-17.4,-4.81,-,-,-,567.0,328.0,
,GLAND,1655.3,1575.3,-80.0,-4.83,-,-,-,2131.0,1277.8,
,HGINFRA,507.65,483.0,-24.65,-4.86,-,-,-,1275.0,471.0,
,MBLINFRA,24.44,23.25,-1.19,-4.87,-,-,-,57.0,22.7,
,AURUM,175.03,166.5,-8.53,-4.87,-,-,-,225.7,144.4,
,HINDWAREAP,211.32,201.01,-10.31,-4.88,-,-,-,392.7,180.0,
,CAPACITE,202.07,192.2,-9.87,-4.88,-,-,-,396.45,198.7,
,INDOTHAI,248.75,236.6,-12.15,-4.88,-,-,-,466.35,143.65,
,SUNCLAY,1267.8,1205.4,-62.4,-4.92,-,-,-,2538.1,1112.8,
,OSIAHYPER,6.69,6.36,-0.33,-4.93,-,-,-,33.08,6.69,
,AQYLON,88.7,84.3,-4.4,-4.96,-,-,-,224.7,48.03,
,OWAIS,107.6,102.25,-5.35,-4.97,-,-,-,707.9,107.6,
,CKKRETAIL,156.95,149.15,-7.8,-4.97,-,-,-,265.25,156.95,
,KDL,131.7,125.15,-6.55,-4.97,-,-,-,376.8,109.65,
,TARMAT,52.09,49.49,-2.6,-4.99,-,-,-,73.9,45.1,
,TECHLABS,233.7,222.05,-11.65,-4.99,-,-,-,1029.3,165.3,
,RNBDENIMS,113.36,107.7,-5.66,-4.99,-,-,-,203.0,97.55,
,SRTL,50.91,48.37,-2.54,-4.99,-,-,-,73.36,50.91,
,UNITEDTEA,505.8,480.5,-25.3,-5.0,-,-,-,589.0,350.1,
,RMDRIP,42.03,39.93,-2.1,-5.0,-,-,-,123.8,35.0,
,VCL,1.6,1.52,-0.08,-5.0,-,-,-,2.66,0.6,
,UEL,157.8,149.91,-7.89,-5.0,-,-,-,220.0,72.27,
,KOHINOOR,24.4,23.16,-1.24,-5.08,-,-,-,45.0,22.81,
,SHEMAROO,104.32,99.0,-5.32,-5.1,-,-,-,161.0,88.8,
,SHAREINDIA,132.92,125.95,-6.97,-5.24,-,-,-,211.0,122.32,
,BAJEL,145.93,138.0,-7.93,-5.43,-,-,-,263.9,137.32,
,JAYKAY,135.98,128.5,-7.48,-5.5,-,-,-,219.7,132.62,
,SGMART,458.45,433.1,-25.35,-5.53,-,-,-,479.1,313.1,
,MANAKSTEEL,55.05,52.0,-3.05,-5.54,-,-,-,77.78,43.05,
,BUILDPRO,965.6,910.65,-54.95,-5.69,-,-,-,1050.2,636.0,
,DIVGIITTS,711.8,671.0,-40.8,-5.73,-,-,-,802.9,410.1,
,SAREGAMA,347.55,327.55,-20.0,-5.75,-,-,-,603.0,307.05,
,MAHLOG,398.2,375.15,-23.05,-5.79,-,-,-,432.7,220.92,
,PRABHA,155.16,146.0,-9.16,-5.9,-,-,-,306.7,142.2,
,RVHL,38.31,36.0,-2.31,-6.03,-,-,-,71.36,35.76,
,SUPERSPIN,5.39,5.02,-0.37,-6.86,-,-,-,12.47,5.05,
,GREENPANEL,205.29,191.2,-14.09,-6.86,-,-,-,335.2,190.1,
,PUNJABCHEM,1081.3,1003.5,-77.8,-7.2,-,-,-,1666.0,772.35,
,STUDDS,514.45,475.0,-39.45,-7.67,-,-,-,600.0,475.0,
,ORIENTLTD,68.77,63.0,-5.77,-8.39,-,-,-,110.4,58.51,
,PRECAM,126.19,115.5,-10.69,-8.47,-,-,-,262.0,122.16,
,UFBL,207.44,188.5,-18.94,-9.13,-,-,-,356.0,172.34,
,JOCIL,125.08,113.2,-11.88,-9.5,-,-,-,177.8,120.41,
,SKMEGGPROD,156.52,141.4,-15.12,-9.66,-,-,-,232.5,77.0,
,ELECTHERM,612.0,551.2,-60.8,-9.93,-,-,-,1280.4,596.85,
,INDIQUBE,156.47,140.0,-16.47,-10.53,-,-,-,243.8,154.02,
,STEELCAS,230.24,204.5,-25.74,-11.18,-,-,-,255.8,142.11,
,SETL,121.86,108.15,-13.71,-11.25,-,-,-,203.95,110.17,
,KEN,40.0,34.25,-5.75,-14.38,-,-,-,64.85,32.75,
,AMAGI,380.65,320.5,-60.15,-15.8,-,-,-,438.4,318.0,
,RELTD,135.97,111.0,-24.97,-18.36,-,-,-,191.77,93.41,
,MAYURUNIQ,521.0,421.0,-100.0,-19.19,-,-,-,629.9,441.0,
,Total,,,,,,,,,,
